10.08017 ,20.89783 ,0 ,2007.0 ,9.0 ,2.0 ,272.0 
41.844 ,26.23133 ,0 ,2007.0 ,8.0 ,24.0 ,264.0 
21.988 ,22.56783 ,0 ,2007.0 ,8.0 ,28.0 ,268.0 
53.04183 ,25.80183 ,0 ,2007.0 ,3.0 ,30.0 ,120.0 
47.39333 ,27.40033 ,0 ,2007.0 ,3.0 ,26.0 ,116.0 
1.43483 ,19.22817 ,0 ,2007.0 ,9.0 ,9.0 ,279.0 
38.5855 ,28.04033 ,1 ,2007.0 ,9.0 ,11.0 ,281.0 
38.58567 ,28.03583 ,1 ,2007.0 ,9.0 ,1.0 ,271.0 
30.9535 ,21.44933 ,0 ,2007.0 ,3.0 ,19.0 ,109.0 
20.6795 ,17.98083 ,0 ,2007.0 ,3.0 ,16.0 ,106.0 
43.54183 ,27.66533 ,1 ,2007.0 ,8.0 ,20.0 ,260.0 
57.51917 ,28.05533 ,0 ,2007.0 ,4.0 ,2.0 ,122.0 
30.76883 ,31.865 ,1 ,2007.0 ,9.0 ,14.0 ,284.0 
18.019 ,22.78733 ,0 ,2007.0 ,8.0 ,29.0 ,269.0 
38.5855 ,28.01567 ,1 ,2007.0 ,9.0 ,9.0 ,279.0 
14.84517 ,22.124 ,0 ,2007.0 ,8.0 ,30.0 ,270.0 
29.49767 ,24.4655 ,0 ,2007.0 ,8.0 ,26.0 ,266.0 
-1 ,-1 ,7 ,2007.0 ,7.0 ,26.0 ,236.0 
40.21967 ,30.80267 ,7 ,2007.0 ,9.0 ,18.0 ,288.0 
47.2845 ,27.22983 ,7 ,2007.0 ,8.0 ,14.0 ,254.0 
54.709 ,26.47233 ,7 ,2007.0 ,8.0 ,3.0 ,243.0 
27.41983 ,33.44433 ,7 ,2007.0 ,9.0 ,25.0 ,295.0 
44.96633 ,27.88883 ,10 ,2007.0 ,9.0 ,3.0 ,273.0 
47.302 ,27.21717 ,7 ,2007.0 ,9.0 ,6.0 ,276.0 
56.65367 ,26.414 ,7 ,2007.0 ,8.0 ,2.0 ,242.0 
55.23483 ,26.74467 ,7 ,2007.0 ,8.0 ,2.0 ,242.0 
39.09683 ,31.30417 ,7 ,2007.0 ,9.0 ,19.0 ,289.0 
19.63217 ,31.92833 ,7 ,2007.0 ,9.0 ,27.0 ,297.0 
36.44017 ,35.85233 ,7 ,2007.0 ,9.0 ,21.0 ,291.0 
47.37517 ,27.2825 ,7 ,2007.0 ,9.0 ,3.0 ,273.0 
16.19433 ,32.05283 ,7 ,2007.0 ,9.0 ,29.0 ,299.0 
12.89 ,22.9705 ,10 ,2007.0 ,9.0 ,27.0 ,297.0 
16.64217 ,36.508 ,11 ,2007.0 ,12.0 ,29.0 ,389.0 
6.45583 ,36.05817 ,11 ,2007.0 ,3.0 ,5.0 ,95.0 
32.59017 ,35.4275 ,11 ,2007.0 ,9.0 ,12.0 ,282.0 
32.5385 ,35.4025 ,11 ,2007.0 ,10.0 ,11.0 ,311.0 
37.60183 ,32.984 ,11 ,2007.0 ,9.0 ,6.0 ,276.0 
32.53133 ,35.41133 ,11 ,2007.0 ,9.0 ,22.0 ,292.0 
42.24967 ,25.07217 ,11 ,2007.0 ,4.0 ,1.0 ,121.0 
54.60517 ,26.12117 ,11 ,2007.0 ,4.0 ,11.0 ,131.0 
36.73583 ,35.42067 ,11 ,2007.0 ,9.0 ,7.0 ,277.0 
28.4985 ,34.26667 ,11 ,2007.0 ,3.0 ,14.0 ,104.0 
32.53617 ,35.40433 ,11 ,2007.0 ,11.0 ,6.0 ,336.0 
47.48333 ,23.96183 ,11 ,2007.0 ,4.0 ,4.0 ,124.0 
11.06983 ,35.37983 ,11 ,2007.0 ,3.0 ,6.0 ,96.0 
32.541 ,35.3995 ,11 ,2007.0 ,11.0 ,21.0 ,351.0 
52.98167 ,25.63633 ,11 ,2007.0 ,4.0 ,8.0 ,128.0 
9.16167 ,23.59783 ,10 ,2007.0 ,12.0 ,3.0 ,363.0 
32.53817 ,35.40283 ,11 ,2007.0 ,9.0 ,30.0 ,300.0 
24.67433 ,34.25683 ,11 ,2007.0 ,3.0 ,13.0 ,103.0 
33.08467 ,35.57817 ,11 ,2007.0 ,9.0 ,9.0 ,279.0 
32.53633 ,35.40517 ,11 ,2007.0 ,11.0 ,15.0 ,345.0 
32.539 ,35.40183 ,11 ,2007.0 ,10.0 ,14.0 ,314.0 
22.489 ,34.3835 ,11 ,2007.0 ,3.0 ,12.0 ,102.0 
9.60167 ,35.55283 ,11 ,2007.0 ,3.0 ,6.0 ,96.0 
32.5545 ,35.35567 ,11 ,2007.0 ,10.0 ,8.0 ,308.0 
32.5475 ,35.38733 ,11 ,2007.0 ,11.0 ,21.0 ,351.0 
32.53917 ,35.402 ,11 ,2007.0 ,10.0 ,19.0 ,319.0 
42.91383 ,27.264 ,11 ,2007.0 ,8.0 ,30.0 ,270.0 
32.53817 ,35.40383 ,11 ,2007.0 ,9.0 ,18.0 ,288.0 
35.09717 ,36.94967 ,11 ,2007.0 ,9.0 ,8.0 ,278.0 
-1 ,-1 ,17 ,2007.0 ,8.0 ,26.0 ,266.0 
49.07267 ,27.559 ,17 ,2007.0 ,9.0 ,22.0 ,292.0 
49.08617 ,27.5445 ,17 ,2007.0 ,9.0 ,28.0 ,298.0 
38.615 ,31.09683 ,17 ,2007.0 ,10.0 ,19.0 ,319.0 
33.2895 ,35.72183 ,17 ,2007.0 ,10.0 ,29.0 ,329.0 
49.07933 ,27.58167 ,17 ,2007.0 ,9.0 ,21.0 ,291.0 
57.47283 ,28.31667 ,17 ,2007.0 ,8.0 ,28.0 ,268.0 
49.81583 ,27.94733 ,17 ,2007.0 ,9.0 ,15.0 ,285.0 
49.068 ,27.55 ,17 ,2007.0 ,9.0 ,27.0 ,297.0 
-1 ,-1 ,21 ,2007.0 ,4.0 ,9.0 ,129.0 
-1 ,-1 ,21 ,2007.0 ,4.0 ,9.0 ,129.0 
-1 ,-1 ,21 ,2007.0 ,4.0 ,9.0 ,129.0 
45.251 ,17.035 ,21 ,2007.0 ,3.0 ,28.0 ,118.0 
3.42617 ,20.09733 ,0 ,2007.0 ,9.0 ,7.0 ,277.0 
7.82 ,20.00583 ,0 ,2007.0 ,9.0 ,4.0 ,274.0 
-1 ,-1 ,1 ,2007.0 ,8.0 ,10.0 ,250.0 
15.588 ,21.91783 ,0 ,2007.0 ,8.0 ,30.0 ,270.0 
-0.6995 ,17.64267 ,0 ,2007.0 ,9.0 ,11.0 ,281.0 
29.484 ,24.47367 ,0 ,2007.0 ,8.0 ,25.0 ,265.0 
11.82067 ,22.24667 ,0 ,2007.0 ,3.0 ,11.0 ,101.0 
29.0105 ,31.75383 ,1 ,2007.0 ,9.0 ,14.0 ,284.0 
0.857 ,19.132 ,0 ,2007.0 ,9.0 ,9.0 ,279.0 
47.3935 ,27.40017 ,0 ,2007.0 ,3.0 ,27.0 ,117.0 
47.39333 ,27.40033 ,0 ,2007.0 ,3.0 ,25.0 ,115.0 
17.427 ,33.974 ,1 ,2007.0 ,9.0 ,17.0 ,287.0 
13.382 ,34.85333 ,1 ,2007.0 ,9.0 ,19.0 ,289.0 
38.589 ,28.0565 ,1 ,2007.0 ,9.0 ,3.0 ,273.0 
1.6525 ,19.2285 ,0 ,2007.0 ,9.0 ,9.0 ,279.0 
30.17733 ,31.91517 ,1 ,2007.0 ,9.0 ,14.0 ,284.0 
49.35267 ,28.87883 ,1 ,2007.0 ,8.0 ,17.0 ,257.0 
21.70333 ,23.0145 ,0 ,2007.0 ,8.0 ,28.0 ,268.0 
38.59983 ,27.982 ,1 ,2007.0 ,9.0 ,10.0 ,280.0 
36.78967 ,35.6435 ,10 ,2007.0 ,9.0 ,20.0 ,290.0 
47.26883 ,27.26317 ,7 ,2007.0 ,8.0 ,11.0 ,251.0 
57.00733 ,26.1215 ,7 ,2007.0 ,8.0 ,1.0 ,241.0 
57.17533 ,26.09883 ,7 ,2007.0 ,8.0 ,1.0 ,241.0 
47.271 ,27.26267 ,7 ,2007.0 ,8.0 ,30.0 ,270.0 
53.17117 ,26.85467 ,7 ,2007.0 ,8.0 ,3.0 ,243.0 
47.3045 ,27.2185 ,7 ,2007.0 ,8.0 ,22.0 ,262.0 
47.30017 ,27.22933 ,7 ,2007.0 ,8.0 ,16.0 ,256.0 
47.28633 ,27.23533 ,7 ,2007.0 ,8.0 ,7.0 ,247.0 
47.3245 ,27.26483 ,7 ,2007.0 ,8.0 ,25.0 ,265.0 
47.3215 ,27.2255 ,7 ,2007.0 ,9.0 ,10.0 ,280.0 
36.01467 ,36.096 ,7 ,2007.0 ,9.0 ,21.0 ,291.0 
57.2805 ,26.0125 ,7 ,2007.0 ,7.0 ,29.0 ,239.0 
47.27217 ,27.246 ,7 ,2007.0 ,8.0 ,10.0 ,250.0 
47.2885 ,27.23 ,7 ,2007.0 ,8.0 ,8.0 ,248.0 
47.31633 ,27.21583 ,7 ,2007.0 ,8.0 ,7.0 ,247.0 
44.977 ,27.8865 ,10 ,2007.0 ,9.0 ,3.0 ,273.0 
-1 ,-1 ,7 ,2007.0 ,7.0 ,27.0 ,237.0 
-1.82133 ,38.34183 ,11 ,2007.0 ,3.0 ,3.0 ,93.0 
47.30233 ,27.21767 ,7 ,2007.0 ,9.0 ,10.0 ,280.0 
28.98667 ,33.9805 ,10 ,2007.0 ,9.0 ,22.0 ,292.0 
32.53317 ,35.409 ,11 ,2007.0 ,11.0 ,2.0 ,332.0 
50.409 ,24.91033 ,11 ,2007.0 ,4.0 ,7.0 ,127.0 
8.50733 ,23.99783 ,10 ,2007.0 ,12.0 ,3.0 ,363.0 
16.52517 ,25.997 ,10 ,2007.0 ,9.0 ,26.0 ,296.0 
19.2215 ,29.19833 ,10 ,2007.0 ,9.0 ,25.0 ,295.0 
24.90217 ,32.78733 ,10 ,2007.0 ,9.0 ,24.0 ,294.0 
50.29783 ,24.8945 ,11 ,2007.0 ,4.0 ,6.0 ,126.0 
17.5255 ,26.784 ,10 ,2007.0 ,9.0 ,26.0 ,296.0 
32.5415 ,35.403 ,11 ,2007.0 ,10.0 ,25.0 ,325.0 
44.96567 ,27.885 ,10 ,2007.0 ,9.0 ,3.0 ,273.0 
22.48833 ,34.3825 ,11 ,2007.0 ,3.0 ,12.0 ,102.0 
-4.52067 ,39.38533 ,11 ,2007.0 ,3.0 ,1.0 ,91.0 
35.94083 ,36.55033 ,11 ,2007.0 ,9.0 ,7.0 ,277.0 
8.5955 ,23.79717 ,10 ,2007.0 ,12.0 ,3.0 ,363.0 
54.614 ,26.10533 ,11 ,2007.0 ,4.0 ,12.0 ,132.0 
32.5915 ,35.4255 ,11 ,2007.0 ,9.0 ,13.0 ,283.0 
26.36117 ,33.9205 ,11 ,2007.0 ,3.0 ,13.0 ,103.0 
1.65617 ,36.791 ,11 ,2007.0 ,1.0 ,11.0 ,41.0 
-2.21967 ,37.67083 ,11 ,2007.0 ,1.0 ,13.0 ,43.0 
42.512 ,24.83367 ,11 ,2007.0 ,4.0 ,1.0 ,121.0 
52.92733 ,25.27617 ,11 ,2007.0 ,4.0 ,10.0 ,130.0 
0.06767 ,38.3455 ,11 ,2007.0 ,3.0 ,4.0 ,94.0 
54.61033 ,26.10883 ,11 ,2007.0 ,4.0 ,11.0 ,131.0 
51.80867 ,27.046 ,11 ,2007.0 ,8.0 ,18.0 ,258.0 
55.27483 ,29.1185 ,17 ,2007.0 ,9.0 ,3.0 ,273.0 
42.18817 ,27.18517 ,17 ,2007.0 ,10.0 ,13.0 ,313.0 
55.39183 ,28.7865 ,17 ,2007.0 ,9.0 ,1.0 ,271.0 
57.46417 ,28.277 ,17 ,2007.0 ,8.0 ,29.0 ,269.0 
-1 ,-1 ,17 ,2007.0 ,8.0 ,27.0 ,267.0 
49.06367 ,27.5605 ,17 ,2007.0 ,9.0 ,28.0 ,298.0 
55.27183 ,29.115 ,17 ,2007.0 ,9.0 ,4.0 ,274.0 
49.72367 ,27.9365 ,17 ,2007.0 ,9.0 ,19.0 ,289.0 
49.064 ,27.5275 ,17 ,2007.0 ,9.0 ,22.0 ,292.0 
38.65383 ,31.19933 ,17 ,2007.0 ,10.0 ,23.0 ,323.0 
48.74217 ,17.04783 ,21 ,2007.0 ,3.0 ,10.0 ,100.0 
57.5055 ,25.04317 ,21 ,2007.0 ,4.0 ,8.0 ,128.0 
45.258 ,17.03167 ,21 ,2007.0 ,3.0 ,26.0 ,116.0 
45.44633 ,16.72833 ,21 ,2007.0 ,3.0 ,30.0 ,120.0 
52.27367 ,27.38483 ,0 ,2007.0 ,8.0 ,7.0 ,247.0 
-1 ,-1 ,1 ,2007.0 ,8.0 ,12.0 ,252.0 
45.27317 ,26.54283 ,0 ,2007.0 ,8.0 ,22.0 ,262.0 
-0.60383 ,17.75833 ,0 ,2007.0 ,9.0 ,10.0 ,280.0 
4.57467 ,20.31483 ,0 ,2007.0 ,9.0 ,6.0 ,276.0 
-0.69717 ,17.6235 ,0 ,2007.0 ,9.0 ,11.0 ,281.0 
47.393 ,27.37533 ,0 ,2007.0 ,3.0 ,25.0 ,115.0 
8.49433 ,20.46667 ,0 ,2007.0 ,9.0 ,3.0 ,273.0 
28.73533 ,24.53867 ,0 ,2007.0 ,8.0 ,26.0 ,266.0 
38.58533 ,28.03983 ,1 ,2007.0 ,8.0 ,28.0 ,268.0 
47.36067 ,27.32817 ,0 ,2007.0 ,3.0 ,26.0 ,116.0 
0.75667 ,19.0045 ,0 ,2007.0 ,9.0 ,10.0 ,280.0 
30.151 ,18.0015 ,0 ,2007.0 ,3.0 ,19.0 ,109.0 
13.19767 ,34.84567 ,1 ,2007.0 ,9.0 ,20.0 ,290.0 
52.29783 ,27.303 ,0 ,2007.0 ,8.0 ,13.0 ,253.0 
38.60117 ,28.0205 ,1 ,2007.0 ,9.0 ,11.0 ,281.0 
53.45433 ,28.51233 ,1 ,2007.0 ,8.0 ,15.0 ,255.0 
6.87067 ,19.8455 ,0 ,2007.0 ,9.0 ,5.0 ,275.0 
29.49767 ,24.4655 ,0 ,2007.0 ,8.0 ,26.0 ,266.0 
47.3595 ,27.32867 ,0 ,2007.0 ,3.0 ,27.0 ,117.0 
38.5855 ,28.04 ,1 ,2007.0 ,9.0 ,11.0 ,281.0 
23.304 ,33.24817 ,1 ,2007.0 ,9.0 ,16.0 ,286.0 
52.80817 ,28.49167 ,1 ,2007.0 ,8.0 ,15.0 ,255.0 
33.417 ,35.8155 ,7 ,2007.0 ,9.0 ,22.0 ,292.0 
31.0445 ,35.25 ,7 ,2007.0 ,9.0 ,23.0 ,293.0 
21.45867 ,32.82783 ,7 ,2007.0 ,9.0 ,27.0 ,297.0 
47.2995 ,27.22833 ,7 ,2007.0 ,9.0 ,13.0 ,283.0 
47.30217 ,27.21767 ,7 ,2007.0 ,9.0 ,12.0 ,282.0 
47.296 ,27.22817 ,7 ,2007.0 ,8.0 ,26.0 ,266.0 
8.67583 ,23.981 ,10 ,2007.0 ,12.0 ,5.0 ,365.0 
47.30733 ,27.21733 ,7 ,2007.0 ,8.0 ,23.0 ,263.0 
32.5365 ,35.40617 ,11 ,2007.0 ,3.0 ,19.0 ,109.0 
47.3205 ,27.226 ,7 ,2007.0 ,8.0 ,7.0 ,247.0 
9.38317 ,36.11183 ,11 ,2007.0 ,1.0 ,8.0 ,38.0 
32.5365 ,35.4045 ,11 ,2007.0 ,11.0 ,1.0 ,331.0 
52.93183 ,25.26833 ,11 ,2007.0 ,4.0 ,10.0 ,130.0 
32.53933 ,35.40183 ,11 ,2007.0 ,10.0 ,18.0 ,318.0 
32.53817 ,35.40317 ,11 ,2007.0 ,10.0 ,1.0 ,301.0 
1.019 ,38.1045 ,11 ,2007.0 ,3.0 ,4.0 ,94.0 
32.5365 ,35.4045 ,11 ,2007.0 ,11.0 ,1.0 ,331.0 
21.03217 ,30.541 ,10 ,2007.0 ,9.0 ,25.0 ,295.0 
19.67217 ,35.88617 ,11 ,2007.0 ,1.0 ,2.0 ,32.0 
36.96433 ,33.531 ,11 ,2007.0 ,9.0 ,6.0 ,276.0 
-2.232 ,37.677 ,11 ,2007.0 ,1.0 ,13.0 ,43.0 
32.549 ,35.38383 ,11 ,2007.0 ,10.0 ,12.0 ,312.0 
15.96217 ,36.69617 ,11 ,2007.0 ,3.0 ,9.0 ,99.0 
39.63517 ,30.638 ,11 ,2007.0 ,9.0 ,5.0 ,275.0 
5.74517 ,36.32617 ,11 ,2007.0 ,3.0 ,5.0 ,95.0 
22.50267 ,34.3635 ,11 ,2007.0 ,3.0 ,12.0 ,102.0 
50.29883 ,24.89217 ,11 ,2007.0 ,4.0 ,6.0 ,126.0 
56.31267 ,28.39133 ,17 ,2007.0 ,8.0 ,31.0 ,271.0 
52.81583 ,27.10217 ,17 ,2007.0 ,9.0 ,6.0 ,276.0 
55.28967 ,29.059 ,17 ,2007.0 ,9.0 ,1.0 ,271.0 
52.8315 ,27.0715 ,17 ,2007.0 ,9.0 ,7.0 ,277.0 
55.2725 ,29.11383 ,17 ,2007.0 ,9.0 ,3.0 ,273.0 
57.52867 ,28.1145 ,17 ,2007.0 ,8.0 ,27.0 ,267.0 
49.06717 ,27.54883 ,17 ,2007.0 ,9.0 ,29.0 ,299.0 
49.0735 ,27.5585 ,17 ,2007.0 ,9.0 ,25.0 ,295.0 
55.2875 ,29.05333 ,17 ,2007.0 ,9.0 ,3.0 ,273.0 
52.16483 ,27.13967 ,17 ,2007.0 ,9.0 ,9.0 ,279.0 
57.47267 ,28.3175 ,17 ,2007.0 ,8.0 ,29.0 ,269.0 
57.5235 ,28.12633 ,17 ,2007.0 ,8.0 ,28.0 ,268.0 
38.6245 ,31.10967 ,17 ,2007.0 ,10.0 ,21.0 ,321.0 
49.07167 ,27.55967 ,17 ,2007.0 ,9.0 ,26.0 ,296.0 
45.25933 ,16.98867 ,21 ,2007.0 ,3.0 ,14.0 ,104.0 
30.15167 ,18.004 ,0 ,2007.0 ,3.0 ,19.0 ,109.0 
52.2735 ,27.38517 ,0 ,2007.0 ,8.0 ,7.0 ,247.0 
55.58483 ,28.32333 ,1 ,2007.0 ,8.0 ,15.0 ,255.0 
13.872 ,21.40867 ,0 ,2007.0 ,8.0 ,30.0 ,270.0 
13.0325 ,22.39117 ,0 ,2007.0 ,3.0 ,12.0 ,102.0 
46.532 ,27.9325 ,1 ,2007.0 ,8.0 ,18.0 ,258.0 
8.49667 ,20.471 ,0 ,2007.0 ,9.0 ,4.0 ,274.0 
18.887 ,22.85383 ,0 ,2007.0 ,8.0 ,28.0 ,268.0 
38.5855 ,28.03283 ,1 ,2007.0 ,9.0 ,9.0 ,279.0 
1.13433 ,19.25067 ,0 ,2007.0 ,9.0 ,9.0 ,279.0 
46.124 ,27.9755 ,1 ,2007.0 ,8.0 ,18.0 ,258.0 
52.18283 ,27.3365 ,0 ,2007.0 ,8.0 ,8.0 ,248.0 
38.58583 ,28.03567 ,1 ,2007.0 ,9.0 ,9.0 ,279.0 
1.8625 ,19.6825 ,0 ,2007.0 ,9.0 ,8.0 ,278.0 
55.79833 ,28.42017 ,1 ,2007.0 ,8.0 ,15.0 ,255.0 
47.3595 ,27.32867 ,0 ,2007.0 ,3.0 ,28.0 ,118.0 
0.2185 ,17.893 ,0 ,2007.0 ,3.0 ,8.0 ,98.0 
19.68233 ,33.24567 ,1 ,2007.0 ,9.0 ,17.0 ,287.0 
45.32333 ,27.692 ,1 ,2007.0 ,8.0 ,18.0 ,258.0 
41.844 ,26.2315 ,0 ,2007.0 ,8.0 ,24.0 ,264.0 
-1 ,-1 ,0 ,2007.0 ,4.0 ,2.0 ,122.0 
14.13867 ,21.498 ,0 ,2007.0 ,8.0 ,30.0 ,270.0 
19.7535 ,33.23783 ,1 ,2007.0 ,9.0 ,17.0 ,287.0 
13.02883 ,22.36917 ,0 ,2007.0 ,3.0 ,11.0 ,101.0 
38.585 ,28.04017 ,1 ,2007.0 ,9.0 ,11.0 ,281.0 
2.51067 ,19.65883 ,0 ,2007.0 ,9.0 ,8.0 ,278.0 
11.17317 ,21.25033 ,0 ,2007.0 ,9.0 ,2.0 ,272.0 
55.03 ,26.13733 ,0 ,2007.0 ,3.0 ,31.0 ,121.0 
18.58883 ,20.38467 ,0 ,2007.0 ,3.0 ,14.0 ,104.0 
38.5855 ,28.01933 ,1 ,2007.0 ,9.0 ,11.0 ,281.0 
43.54167 ,27.66533 ,1 ,2007.0 ,8.0 ,19.0 ,259.0 
25.92233 ,32.397 ,1 ,2007.0 ,9.0 ,15.0 ,285.0 
16.19567 ,32.05683 ,7 ,2007.0 ,9.0 ,28.0 ,298.0 
14.94483 ,32.6705 ,7 ,2007.0 ,9.0 ,29.0 ,299.0 
-1 ,-1 ,7 ,2007.0 ,7.0 ,27.0 ,237.0 
27.0275 ,33.43367 ,7 ,2007.0 ,9.0 ,25.0 ,295.0 
51.96283 ,26.47133 ,10 ,2007.0 ,8.0 ,24.0 ,264.0 
56.71417 ,26.4235 ,7 ,2007.0 ,8.0 ,1.0 ,241.0 
54.7 ,26.4725 ,7 ,2007.0 ,8.0 ,3.0 ,243.0 
-1 ,-1 ,7 ,2007.0 ,7.0 ,26.0 ,236.0 
57.17967 ,26.11067 ,7 ,2007.0 ,8.0 ,1.0 ,241.0 
41.09617 ,28.276 ,7 ,2007.0 ,9.0 ,17.0 ,287.0 
40.96267 ,29.14617 ,7 ,2007.0 ,9.0 ,17.0 ,287.0 
47.2775 ,27.30133 ,7 ,2007.0 ,8.0 ,29.0 ,269.0 
47.24933 ,27.30283 ,7 ,2007.0 ,8.0 ,14.0 ,254.0 
32.96833 ,35.77433 ,10 ,2007.0 ,9.0 ,21.0 ,291.0 
32.672 ,35.66683 ,7 ,2007.0 ,9.0 ,23.0 ,293.0 
47.31517 ,27.24217 ,7 ,2007.0 ,9.0 ,6.0 ,276.0 
44.7 ,27.80567 ,10 ,2007.0 ,9.0 ,12.0 ,282.0 
50.29767 ,24.89467 ,11 ,2007.0 ,4.0 ,6.0 ,126.0 
13.277 ,36.48517 ,11 ,2007.0 ,12.0 ,31.0 ,391.0 
8.64217 ,24.018 ,10 ,2007.0 ,12.0 ,7.0 ,367.0 
44.67333 ,27.79767 ,10 ,2007.0 ,9.0 ,13.0 ,283.0 
33.08567 ,35.58133 ,11 ,2007.0 ,9.0 ,13.0 ,283.0 
13.96517 ,36.64533 ,11 ,2007.0 ,12.0 ,31.0 ,391.0 
33.07867 ,35.59383 ,11 ,2007.0 ,9.0 ,13.0 ,283.0 
32.54733 ,35.38633 ,11 ,2007.0 ,11.0 ,20.0 ,350.0 
8.03317 ,35.662 ,11 ,2007.0 ,3.0 ,6.0 ,96.0 
32.968 ,35.73033 ,11 ,2007.0 ,9.0 ,9.0 ,279.0 
32.54883 ,35.38367 ,11 ,2007.0 ,10.0 ,30.0 ,330.0 
32.54067 ,35.4015 ,11 ,2007.0 ,10.0 ,15.0 ,315.0 
32.53833 ,35.4035 ,11 ,2007.0 ,9.0 ,23.0 ,293.0 
52.98133 ,25.634 ,11 ,2007.0 ,4.0 ,8.0 ,128.0 
-1.04767 ,38.4995 ,11 ,2007.0 ,3.0 ,3.0 ,93.0 
32.54767 ,35.38767 ,11 ,2007.0 ,11.0 ,20.0 ,350.0 
31.93233 ,35.52133 ,11 ,2007.0 ,3.0 ,16.0 ,106.0 
27.93167 ,33.589 ,11 ,2007.0 ,3.0 ,14.0 ,104.0 
32.54867 ,35.38383 ,11 ,2007.0 ,10.0 ,30.0 ,330.0 
22.252 ,34.47233 ,11 ,2007.0 ,3.0 ,11.0 ,101.0 
32.53817 ,35.40367 ,11 ,2007.0 ,9.0 ,20.0 ,290.0 
52.92617 ,25.2785 ,11 ,2007.0 ,4.0 ,9.0 ,129.0 
42.25017 ,25.07483 ,11 ,2007.0 ,3.0 ,27.0 ,117.0 
32.53833 ,35.40367 ,11 ,2007.0 ,9.0 ,17.0 ,287.0 
32.53967 ,35.4015 ,11 ,2007.0 ,10.0 ,26.0 ,326.0 
52.22467 ,27.1225 ,17 ,2007.0 ,9.0 ,13.0 ,283.0 
55.83883 ,28.65283 ,17 ,2007.0 ,8.0 ,31.0 ,271.0 
49.81583 ,27.94717 ,17 ,2007.0 ,9.0 ,15.0 ,285.0 
55.2755 ,29.11767 ,17 ,2007.0 ,9.0 ,4.0 ,274.0 
52.19933 ,27.09883 ,17 ,2007.0 ,9.0 ,10.0 ,280.0 
52.16117 ,27.14383 ,17 ,2007.0 ,9.0 ,9.0 ,279.0 
49.064 ,27.5865 ,17 ,2007.0 ,9.0 ,22.0 ,292.0 
57.21133 ,28.41767 ,17 ,2007.0 ,8.0 ,30.0 ,270.0 
-1 ,-1 ,17 ,2007.0 ,8.0 ,26.0 ,266.0 
52.90117 ,27.0915 ,17 ,2007.0 ,9.0 ,5.0 ,275.0 
49.06333 ,27.58567 ,17 ,2007.0 ,9.0 ,23.0 ,293.0 
52.85333 ,26.99967 ,17 ,2007.0 ,9.0 ,6.0 ,276.0 
55.29983 ,28.84167 ,17 ,2007.0 ,9.0 ,1.0 ,271.0 
45.26883 ,16.988 ,21 ,2007.0 ,3.0 ,14.0 ,104.0 
49.981 ,17.59667 ,21 ,2007.0 ,4.0 ,2.0 ,122.0 
55.54117 ,23.76383 ,21 ,2007.0 ,4.0 ,6.0 ,126.0 
45.24217 ,17.12283 ,21 ,2007.0 ,3.0 ,24.0 ,114.0 
-0.06517 ,17.81317 ,0 ,2007.0 ,3.0 ,7.0 ,97.0 
50.28167 ,26.20583 ,0 ,2007.0 ,3.0 ,29.0 ,119.0 
38.5855 ,28.03583 ,1 ,2007.0 ,8.0 ,28.0 ,268.0 
19.56333 ,23.09967 ,0 ,2007.0 ,8.0 ,28.0 ,268.0 
9.0695 ,20.8145 ,0 ,2007.0 ,9.0 ,3.0 ,273.0 
26.92533 ,24.32433 ,0 ,2007.0 ,8.0 ,26.0 ,266.0 
38.58417 ,28.01583 ,1 ,2007.0 ,8.0 ,30.0 ,270.0 
31.14617 ,31.62067 ,1 ,2007.0 ,9.0 ,14.0 ,284.0 
45.85883 ,26.51683 ,0 ,2007.0 ,8.0 ,22.0 ,262.0 
38.5855 ,28.00667 ,1 ,2007.0 ,8.0 ,30.0 ,270.0 
14.84983 ,22.22567 ,0 ,2007.0 ,3.0 ,12.0 ,102.0 
3.39 ,18.623 ,0 ,2007.0 ,3.0 ,9.0 ,99.0 
18.97917 ,33.58167 ,1 ,2007.0 ,9.0 ,17.0 ,287.0 
2.81767 ,20.1065 ,0 ,2007.0 ,9.0 ,7.0 ,277.0 
50.84517 ,26.01767 ,0 ,2007.0 ,3.0 ,29.0 ,119.0 
15.65233 ,34.32817 ,1 ,2007.0 ,9.0 ,18.0 ,288.0 
23.996 ,23.29 ,0 ,2007.0 ,8.0 ,27.0 ,267.0 
52.18283 ,27.3365 ,0 ,2007.0 ,8.0 ,8.0 ,248.0 
6.51167 ,19.96567 ,0 ,2007.0 ,9.0 ,5.0 ,275.0 
47.39333 ,27.40033 ,0 ,2007.0 ,3.0 ,27.0 ,117.0 
10.89667 ,21.66683 ,0 ,2007.0 ,3.0 ,11.0 ,101.0 
56.35483 ,26.84667 ,0 ,2007.0 ,4.0 ,1.0 ,121.0 
30.4805 ,20.62283 ,0 ,2007.0 ,3.0 ,19.0 ,109.0 
14.9885 ,34.05183 ,1 ,2007.0 ,9.0 ,18.0 ,288.0 
38.5855 ,28.03583 ,1 ,2007.0 ,8.0 ,28.0 ,268.0 
47.32383 ,27.26533 ,7 ,2007.0 ,9.0 ,6.0 ,276.0 
29.57567 ,34.388 ,7 ,2007.0 ,9.0 ,24.0 ,294.0 
31.7145 ,35.34167 ,7 ,2007.0 ,9.0 ,23.0 ,293.0 
47.2705 ,27.26283 ,7 ,2007.0 ,8.0 ,10.0 ,250.0 
18.50267 ,31.9155 ,7 ,2007.0 ,9.0 ,28.0 ,298.0 
47.3065 ,27.2125 ,7 ,2007.0 ,9.0 ,10.0 ,280.0 
47.25017 ,27.30267 ,7 ,2007.0 ,8.0 ,9.0 ,249.0 
-1 ,-1 ,7 ,2007.0 ,7.0 ,29.0 ,239.0 
15.8575 ,25.25367 ,10 ,2007.0 ,9.0 ,26.0 ,296.0 
8.61567 ,24.025 ,10 ,2007.0 ,12.0 ,7.0 ,367.0 
36.55167 ,34.0595 ,11 ,2007.0 ,9.0 ,7.0 ,277.0 
-1 ,-1 ,7 ,2007.0 ,7.0 ,28.0 ,238.0 
-1 ,-1 ,10 ,2007.0 ,7.0 ,15.0 ,225.0 
32.59067 ,35.4275 ,11 ,2007.0 ,9.0 ,13.0 ,283.0 
5.38383 ,37.05133 ,11 ,2007.0 ,1.0 ,9.0 ,39.0 
-2.44683 ,38.37783 ,11 ,2007.0 ,3.0 ,3.0 ,93.0 
10.61683 ,23.47083 ,10 ,2007.0 ,12.0 ,2.0 ,362.0 
41.15733 ,28.55983 ,11 ,2007.0 ,9.0 ,5.0 ,275.0 
17.96117 ,27.58667 ,10 ,2007.0 ,9.0 ,25.0 ,295.0 
32.53967 ,35.40167 ,11 ,2007.0 ,10.0 ,28.0 ,328.0 
6.46433 ,37.04133 ,11 ,2007.0 ,1.0 ,9.0 ,39.0 
50.823 ,26.9155 ,10 ,2007.0 ,8.0 ,24.0 ,264.0 
34.16617 ,36.2485 ,10 ,2007.0 ,9.0 ,21.0 ,291.0 
32.53717 ,35.40533 ,11 ,2007.0 ,9.0 ,27.0 ,297.0 
22.75917 ,34.14617 ,11 ,2007.0 ,3.0 ,12.0 ,102.0 
32.54167 ,35.41017 ,11 ,2007.0 ,3.0 ,18.0 ,108.0 
39.26417 ,30.88867 ,11 ,2007.0 ,9.0 ,6.0 ,276.0 
52.98533 ,25.359 ,11 ,2007.0 ,4.0 ,9.0 ,129.0 
32.53733 ,35.4035 ,11 ,2007.0 ,9.0 ,19.0 ,289.0 
42.5055 ,27.2925 ,11 ,2007.0 ,9.0 ,1.0 ,271.0 
32.536 ,35.40283 ,11 ,2007.0 ,10.0 ,18.0 ,318.0 
32.53817 ,35.40333 ,11 ,2007.0 ,9.0 ,26.0 ,296.0 
14.60467 ,23.61333 ,10 ,2007.0 ,9.0 ,27.0 ,297.0 
32.53917 ,35.40183 ,11 ,2007.0 ,10.0 ,17.0 ,317.0 
32.54083 ,35.4 ,11 ,2007.0 ,11.0 ,17.0 ,347.0 
24.2665 ,34.07483 ,11 ,2007.0 ,12.0 ,25.0 ,385.0 
32.53833 ,35.40383 ,11 ,2007.0 ,9.0 ,21.0 ,291.0 
52.92633 ,25.27867 ,11 ,2007.0 ,4.0 ,9.0 ,129.0 
32.539 ,35.40233 ,11 ,2007.0 ,10.0 ,15.0 ,315.0 
-0.3065 ,36.96567 ,11 ,2007.0 ,1.0 ,12.0 ,42.0 
32.52433 ,35.41017 ,11 ,2007.0 ,3.0 ,20.0 ,110.0 
-2.4475 ,38.37517 ,11 ,2007.0 ,3.0 ,2.0 ,92.0 
49.07267 ,27.559 ,17 ,2007.0 ,9.0 ,21.0 ,291.0 
55.28783 ,29.051 ,17 ,2007.0 ,9.0 ,1.0 ,271.0 
-1 ,-1 ,17 ,2007.0 ,8.0 ,26.0 ,266.0 
49.81717 ,27.9505 ,17 ,2007.0 ,9.0 ,16.0 ,286.0 
38.50883 ,31.53917 ,17 ,2007.0 ,10.0 ,24.0 ,324.0 
52.19433 ,27.106 ,17 ,2007.0 ,9.0 ,9.0 ,279.0 
52.832 ,27.07083 ,17 ,2007.0 ,9.0 ,8.0 ,278.0 
52.18317 ,27.12067 ,17 ,2007.0 ,9.0 ,10.0 ,280.0 
38.61667 ,31.095 ,17 ,2007.0 ,10.0 ,18.0 ,318.0 
57.4725 ,28.31267 ,17 ,2007.0 ,8.0 ,30.0 ,270.0 
49.7125 ,27.939 ,17 ,2007.0 ,9.0 ,19.0 ,289.0 
49.80933 ,27.9595 ,17 ,2007.0 ,9.0 ,16.0 ,286.0 
49.7745 ,27.94867 ,17 ,2007.0 ,9.0 ,15.0 ,285.0 
49.72383 ,27.937 ,17 ,2007.0 ,9.0 ,18.0 ,288.0 
52.82617 ,27.09517 ,17 ,2007.0 ,9.0 ,7.0 ,277.0 
-1 ,-1 ,21 ,2007.0 ,4.0 ,8.0 ,128.0 
56.18583 ,24.86233 ,21 ,2007.0 ,4.0 ,6.0 ,126.0 
48.40967 ,16.77233 ,21 ,2007.0 ,4.0 ,1.0 ,121.0 
47.39333 ,27.40017 ,0 ,2007.0 ,3.0 ,25.0 ,115.0 
26.38283 ,32.13417 ,1 ,2007.0 ,9.0 ,15.0 ,285.0 
58.61833 ,28.66967 ,1 ,2007.0 ,8.0 ,13.0 ,253.0 
38.5855 ,28.03983 ,1 ,2007.0 ,8.0 ,29.0 ,269.0 
25.10683 ,32.68933 ,1 ,2007.0 ,9.0 ,15.0 ,285.0 
3.5335 ,20.18017 ,0 ,2007.0 ,9.0 ,7.0 ,277.0 
21.81633 ,33.70483 ,1 ,2007.0 ,9.0 ,16.0 ,286.0 
13.56067 ,21.40783 ,0 ,2007.0 ,8.0 ,31.0 ,271.0 
3.38783 ,18.62333 ,0 ,2007.0 ,3.0 ,9.0 ,99.0 
2.9545 ,18.44183 ,0 ,2007.0 ,3.0 ,8.0 ,98.0 
50.65683 ,28.62833 ,1 ,2007.0 ,8.0 ,16.0 ,256.0 
58.14267 ,28.808 ,1 ,2007.0 ,8.0 ,13.0 ,253.0 
31.78533 ,25.59367 ,0 ,2007.0 ,8.0 ,25.0 ,265.0 
18.88883 ,22.85483 ,0 ,2007.0 ,8.0 ,29.0 ,269.0 
11.21533 ,21.85833 ,0 ,2007.0 ,3.0 ,11.0 ,101.0 
26.6485 ,16.85217 ,0 ,2007.0 ,3.0 ,18.0 ,108.0 
51.83567 ,26.03033 ,0 ,2007.0 ,3.0 ,30.0 ,120.0 
30.6835 ,31.91667 ,1 ,2007.0 ,9.0 ,14.0 ,284.0 
-1 ,-1 ,7 ,2007.0 ,7.0 ,27.0 ,237.0 
47.28133 ,27.23183 ,7 ,2007.0 ,8.0 ,6.0 ,246.0 
47.30217 ,27.21783 ,7 ,2007.0 ,9.0 ,5.0 ,275.0 
42.80283 ,27.6125 ,7 ,2007.0 ,9.0 ,16.0 ,286.0 
47.26917 ,27.2625 ,7 ,2007.0 ,8.0 ,29.0 ,269.0 
47.30217 ,27.2175 ,7 ,2007.0 ,8.0 ,25.0 ,265.0 
-1 ,-1 ,7 ,2007.0 ,7.0 ,28.0 ,238.0 
47.30117 ,27.22733 ,7 ,2007.0 ,9.0 ,13.0 ,283.0 
56.712 ,26.39117 ,7 ,2007.0 ,8.0 ,1.0 ,241.0 
32.34717 ,35.55733 ,10 ,2007.0 ,9.0 ,21.0 ,291.0 
47.28183 ,27.23167 ,7 ,2007.0 ,8.0 ,11.0 ,251.0 
57.28017 ,26.01467 ,7 ,2007.0 ,7.0 ,30.0 ,240.0 
14.53717 ,32.60833 ,7 ,2007.0 ,9.0 ,29.0 ,299.0 
32.53767 ,35.40533 ,11 ,2007.0 ,9.0 ,18.0 ,288.0 
37.10867 ,33.85983 ,7 ,2007.0 ,9.0 ,20.0 ,290.0 
36.9515 ,34.70833 ,7 ,2007.0 ,9.0 ,20.0 ,290.0 
40.93383 ,29.1975 ,7 ,2007.0 ,9.0 ,18.0 ,288.0 
55.94067 ,26.70883 ,11 ,2007.0 ,4.0 ,12.0 ,132.0 
32.5335 ,35.40833 ,11 ,2007.0 ,11.0 ,16.0 ,346.0 
15.97683 ,32.18267 ,7 ,2007.0 ,9.0 ,29.0 ,299.0 
14.31817 ,36.827 ,11 ,2007.0 ,12.0 ,30.0 ,390.0 
9.14983 ,23.5895 ,10 ,2007.0 ,10.0 ,12.0 ,312.0 
32.53983 ,35.40233 ,11 ,2007.0 ,10.0 ,13.0 ,313.0 
32.55467 ,35.3555 ,11 ,2007.0 ,10.0 ,9.0 ,309.0 
8.02133 ,35.67183 ,11 ,2007.0 ,3.0 ,6.0 ,96.0 
32.53817 ,35.40967 ,11 ,2007.0 ,3.0 ,19.0 ,109.0 
44.97733 ,27.887 ,10 ,2007.0 ,9.0 ,1.0 ,271.0 
30.0205 ,35.07617 ,11 ,2007.0 ,3.0 ,15.0 ,105.0 
42.25233 ,25.07667 ,11 ,2007.0 ,3.0 ,27.0 ,117.0 
32.53917 ,35.402 ,11 ,2007.0 ,10.0 ,20.0 ,320.0 
33.669 ,36.01667 ,10 ,2007.0 ,9.0 ,21.0 ,291.0 
48.91683 ,27.62283 ,11 ,2007.0 ,8.0 ,26.0 ,266.0 
52.27517 ,26.33 ,10 ,2007.0 ,8.0 ,21.0 ,261.0 
41.13367 ,28.9285 ,11 ,2007.0 ,9.0 ,5.0 ,275.0 
46.87783 ,23.2175 ,11 ,2007.0 ,4.0 ,4.0 ,124.0 
37.91467 ,32.5745 ,10 ,2007.0 ,9.0 ,19.0 ,289.0 
42.284 ,25.10067 ,11 ,2007.0 ,4.0 ,1.0 ,121.0 
32.53983 ,35.40233 ,11 ,2007.0 ,10.0 ,13.0 ,313.0 
32.59133 ,35.42583 ,11 ,2007.0 ,9.0 ,12.0 ,282.0 
32.5375 ,35.41183 ,11 ,2007.0 ,3.0 ,19.0 ,109.0 
54.61033 ,26.10817 ,11 ,2007.0 ,4.0 ,11.0 ,131.0 
36.64117 ,33.8405 ,11 ,2007.0 ,9.0 ,7.0 ,277.0 
-4.3955 ,38.35017 ,11 ,2007.0 ,1.0 ,16.0 ,46.0 
32.538 ,35.40333 ,11 ,2007.0 ,9.0 ,30.0 ,300.0 
51.808 ,27.03483 ,11 ,2007.0 ,8.0 ,18.0 ,258.0 
0.06817 ,38.347 ,11 ,2007.0 ,3.0 ,3.0 ,93.0 
32.53817 ,35.40617 ,11 ,2007.0 ,9.0 ,20.0 ,290.0 
55.47333 ,26.2705 ,11 ,2007.0 ,4.0 ,12.0 ,132.0 
36.72767 ,35.733 ,17 ,2007.0 ,10.0 ,27.0 ,327.0 
44.23 ,27.75883 ,17 ,2007.0 ,10.0 ,10.0 ,310.0 
55.29133 ,29.065 ,17 ,2007.0 ,9.0 ,2.0 ,272.0 
38.612 ,31.11683 ,17 ,2007.0 ,10.0 ,20.0 ,320.0 
38.403 ,32.17367 ,17 ,2007.0 ,10.0 ,24.0 ,324.0 
53.46683 ,27.622 ,17 ,2007.0 ,9.0 ,5.0 ,275.0 
52.22783 ,27.12283 ,17 ,2007.0 ,9.0 ,12.0 ,282.0 
49.71133 ,27.9395 ,17 ,2007.0 ,9.0 ,20.0 ,290.0 
45.40533 ,27.85283 ,17 ,2007.0 ,10.0 ,6.0 ,306.0 
42.22783 ,27.19133 ,17 ,2007.0 ,10.0 ,12.0 ,312.0 
56.6455 ,28.6035 ,17 ,2007.0 ,8.0 ,31.0 ,271.0 
49.05783 ,27.59333 ,17 ,2007.0 ,9.0 ,24.0 ,294.0 
57.46217 ,28.32083 ,17 ,2007.0 ,8.0 ,28.0 ,268.0 
57.19617 ,28.40517 ,17 ,2007.0 ,8.0 ,31.0 ,271.0 
49.06383 ,27.56017 ,17 ,2007.0 ,9.0 ,25.0 ,295.0 
49.06367 ,27.56067 ,17 ,2007.0 ,9.0 ,24.0 ,294.0 
49.737 ,27.92517 ,17 ,2007.0 ,9.0 ,18.0 ,288.0 
49.71117 ,27.939 ,17 ,2007.0 ,9.0 ,20.0 ,290.0 
38.38967 ,32.199 ,17 ,2007.0 ,10.0 ,25.0 ,325.0 
52.32 ,20.381 ,21 ,2007.0 ,4.0 ,4.0 ,124.0 
56.7765 ,25.104 ,21 ,2007.0 ,4.0 ,7.0 ,127.0 
45.94367 ,16.48783 ,21 ,2007.0 ,3.0 ,31.0 ,121.0 
45.22167 ,17.07467 ,21 ,2007.0 ,3.0 ,14.0 ,104.0 
57.48017 ,25.03783 ,21 ,2007.0 ,4.0 ,7.0 ,127.0 
22.81917 ,18.85083 ,0 ,2007.0 ,3.0 ,17.0 ,107.0 
13.38067 ,21.44633 ,0 ,2007.0 ,8.0 ,31.0 ,271.0 
50.91717 ,26.006 ,0 ,2007.0 ,3.0 ,30.0 ,120.0 
16.3955 ,22.13567 ,0 ,2007.0 ,8.0 ,29.0 ,269.0 
26.27267 ,16.9565 ,0 ,2007.0 ,3.0 ,17.0 ,107.0 
15.33617 ,22.0075 ,0 ,2007.0 ,3.0 ,12.0 ,102.0 
40.60467 ,27.11083 ,1 ,2007.0 ,8.0 ,23.0 ,263.0 
2.27117 ,19.61833 ,0 ,2007.0 ,9.0 ,8.0 ,278.0 
43.54167 ,27.66517 ,1 ,2007.0 ,8.0 ,19.0 ,259.0 
49.5465 ,28.87733 ,1 ,2007.0 ,8.0 ,17.0 ,257.0 
30.02583 ,17.96067 ,0 ,2007.0 ,3.0 ,18.0 ,108.0 
38.5855 ,28.03283 ,1 ,2007.0 ,9.0 ,8.0 ,278.0 
3.366 ,18.61583 ,0 ,2007.0 ,3.0 ,8.0 ,98.0 
-0.45467 ,17.71683 ,0 ,2007.0 ,3.0 ,7.0 ,97.0 
10.322 ,21.12967 ,0 ,2007.0 ,9.0 ,2.0 ,272.0 
37.978 ,26.57767 ,0 ,2007.0 ,8.0 ,24.0 ,264.0 
15.49617 ,32.438 ,7 ,2007.0 ,9.0 ,29.0 ,299.0 
47.28283 ,27.23067 ,7 ,2007.0 ,8.0 ,8.0 ,248.0 
47.26033 ,27.24383 ,7 ,2007.0 ,8.0 ,10.0 ,250.0 
47.31117 ,27.46483 ,7 ,2007.0 ,8.0 ,20.0 ,260.0 
55.611 ,26.70033 ,7 ,2007.0 ,8.0 ,2.0 ,242.0 
47.2775 ,27.3015 ,7 ,2007.0 ,8.0 ,24.0 ,264.0 
23.44317 ,33.07133 ,7 ,2007.0 ,9.0 ,26.0 ,296.0 
35.4215 ,36.33633 ,7 ,2007.0 ,9.0 ,21.0 ,291.0 
47.27217 ,27.26283 ,7 ,2007.0 ,9.0 ,5.0 ,275.0 
57.28033 ,26.01483 ,7 ,2007.0 ,7.0 ,30.0 ,240.0 
47.30583 ,27.22867 ,7 ,2007.0 ,8.0 ,7.0 ,247.0 
47.31383 ,27.20983 ,7 ,2007.0 ,8.0 ,25.0 ,265.0 
47.30017 ,27.22767 ,7 ,2007.0 ,9.0 ,6.0 ,276.0 
28.15817 ,33.45483 ,7 ,2007.0 ,9.0 ,24.0 ,294.0 
20.472 ,34.72383 ,11 ,2007.0 ,3.0 ,11.0 ,101.0 
0.07633 ,38.342 ,11 ,2007.0 ,3.0 ,4.0 ,94.0 
11.163 ,23.285 ,10 ,2007.0 ,10.0 ,12.0 ,312.0 
20.118 ,32.241 ,7 ,2007.0 ,9.0 ,27.0 ,297.0 
32.5385 ,35.40217 ,11 ,2007.0 ,10.0 ,13.0 ,313.0 
11.7695 ,23.07067 ,10 ,2007.0 ,9.0 ,28.0 ,298.0 
44.97717 ,27.89367 ,10 ,2007.0 ,9.0 ,1.0 ,271.0 
39.16117 ,30.991 ,10 ,2007.0 ,9.0 ,18.0 ,288.0 
11.24267 ,23.53217 ,10 ,2007.0 ,10.0 ,15.0 ,315.0 
22.98117 ,32.10367 ,10 ,2007.0 ,9.0 ,24.0 ,294.0 
32.53733 ,35.4045 ,11 ,2007.0 ,9.0 ,17.0 ,287.0 
32.55267 ,35.42267 ,11 ,2007.0 ,11.0 ,5.0 ,335.0 
1.94983 ,37.80417 ,11 ,2007.0 ,3.0 ,4.0 ,94.0 
51.80817 ,27.03433 ,11 ,2007.0 ,8.0 ,18.0 ,258.0 
42.50433 ,27.2925 ,11 ,2007.0 ,9.0 ,1.0 ,271.0 
32.59017 ,35.42733 ,11 ,2007.0 ,9.0 ,12.0 ,282.0 
32.55517 ,35.3555 ,11 ,2007.0 ,10.0 ,4.0 ,304.0 
39.3855 ,31.2385 ,7 ,2007.0 ,9.0 ,19.0 ,289.0 
52.92233 ,25.27967 ,11 ,2007.0 ,4.0 ,11.0 ,131.0 
32.5375 ,35.40483 ,11 ,2007.0 ,9.0 ,21.0 ,291.0 
18.48983 ,35.631 ,11 ,2007.0 ,3.0 ,10.0 ,100.0 
54.61933 ,26.11317 ,11 ,2007.0 ,4.0 ,12.0 ,132.0 
35.61983 ,36.60417 ,11 ,2007.0 ,9.0 ,8.0 ,278.0 
32.52883 ,35.42 ,11 ,2007.0 ,9.0 ,25.0 ,295.0 
30.3425 ,35.1875 ,11 ,2007.0 ,3.0 ,15.0 ,105.0 
32.54983 ,35.42133 ,11 ,2007.0 ,11.0 ,14.0 ,344.0 
20.89983 ,35.55367 ,11 ,2007.0 ,1.0 ,2.0 ,32.0 
42.2485 ,25.06733 ,11 ,2007.0 ,3.0 ,27.0 ,117.0 
17.52583 ,26.78483 ,10 ,2007.0 ,9.0 ,26.0 ,296.0 
32.53617 ,35.40517 ,11 ,2007.0 ,10.0 ,31.0 ,331.0 
20.47733 ,34.72033 ,11 ,2007.0 ,3.0 ,11.0 ,101.0 
42.24967 ,25.072 ,11 ,2007.0 ,3.0 ,31.0 ,121.0 
31.941 ,35.52367 ,11 ,2007.0 ,3.0 ,15.0 ,105.0 
52.93217 ,25.26833 ,11 ,2007.0 ,4.0 ,10.0 ,130.0 
25.686 ,34.23767 ,11 ,2007.0 ,3.0 ,13.0 ,103.0 
50.18133 ,27.90533 ,17 ,2007.0 ,9.0 ,14.0 ,284.0 
38.62867 ,31.1605 ,17 ,2007.0 ,10.0 ,23.0 ,323.0 
38.61217 ,31.11717 ,17 ,2007.0 ,10.0 ,22.0 ,322.0 
49.7235 ,27.93617 ,17 ,2007.0 ,9.0 ,19.0 ,289.0 
52.81733 ,27.10233 ,17 ,2007.0 ,9.0 ,7.0 ,277.0 
49.73683 ,27.92517 ,17 ,2007.0 ,9.0 ,19.0 ,289.0 
52.18383 ,27.11817 ,17 ,2007.0 ,9.0 ,9.0 ,279.0 
49.81017 ,27.95967 ,17 ,2007.0 ,9.0 ,18.0 ,288.0 
35.02933 ,36.43917 ,17 ,2007.0 ,10.0 ,28.0 ,328.0 
33.59383 ,35.92 ,17 ,2007.0 ,10.0 ,28.0 ,328.0 
52.162 ,27.1445 ,17 ,2007.0 ,9.0 ,13.0 ,283.0 
52.82783 ,27.06017 ,17 ,2007.0 ,9.0 ,6.0 ,276.0 
36.82383 ,35.37517 ,17 ,2007.0 ,10.0 ,26.0 ,326.0 
46.44917 ,16.397 ,21 ,2007.0 ,3.0 ,31.0 ,121.0 
48.72833 ,17.05533 ,21 ,2007.0 ,3.0 ,10.0 ,100.0 
45.2305 ,17.06833 ,21 ,2007.0 ,3.0 ,18.0 ,108.0 
45.44633 ,16.727 ,21 ,2007.0 ,3.0 ,30.0 ,120.0 
51.03433 ,18.881 ,21 ,2007.0 ,4.0 ,3.0 ,123.0 
48.90917 ,17.18783 ,21 ,2007.0 ,4.0 ,1.0 ,121.0 
47.89583 ,16.52633 ,21 ,2007.0 ,4.0 ,1.0 ,121.0 
52.30767 ,27.31 ,0 ,2007.0 ,8.0 ,7.0 ,247.0 
23.224 ,18.77767 ,0 ,2007.0 ,3.0 ,17.0 ,107.0 
44.84833 ,26.571 ,0 ,2007.0 ,8.0 ,23.0 ,263.0 
1.19717 ,18.07383 ,0 ,2007.0 ,3.0 ,8.0 ,98.0 
38.5855 ,28.028 ,1 ,2007.0 ,9.0 ,10.0 ,280.0 
15.69833 ,21.901 ,0 ,2007.0 ,8.0 ,29.0 ,269.0 
1.71267 ,19.22617 ,0 ,2007.0 ,9.0 ,8.0 ,278.0 
55.32217 ,26.2925 ,0 ,2007.0 ,3.0 ,31.0 ,121.0 
18.74017 ,19.78117 ,0 ,2007.0 ,3.0 ,15.0 ,105.0 
38.59967 ,28.03783 ,1 ,2007.0 ,9.0 ,8.0 ,278.0 
57.91017 ,28.77067 ,1 ,2007.0 ,8.0 ,14.0 ,254.0 
51.1455 ,26.0185 ,0 ,2007.0 ,3.0 ,30.0 ,120.0 
20.11217 ,33.40033 ,1 ,2007.0 ,9.0 ,16.0 ,286.0 
22.20167 ,18.912 ,0 ,2007.0 ,3.0 ,16.0 ,106.0 
8.40567 ,20.34517 ,0 ,2007.0 ,9.0 ,4.0 ,274.0 
52.2415 ,27.3585 ,0 ,2007.0 ,8.0 ,12.0 ,252.0 
47.31083 ,27.22617 ,7 ,2007.0 ,8.0 ,11.0 ,251.0 
22.16517 ,33.01433 ,7 ,2007.0 ,9.0 ,27.0 ,297.0 
47.32767 ,27.25367 ,7 ,2007.0 ,8.0 ,21.0 ,261.0 
42.321 ,27.2505 ,7 ,2007.0 ,9.0 ,16.0 ,286.0 
47.32833 ,27.19783 ,7 ,2007.0 ,8.0 ,13.0 ,253.0 
11.2355 ,23.50067 ,10 ,2007.0 ,12.0 ,2.0 ,362.0 
51.63767 ,27.1665 ,7 ,2007.0 ,8.0 ,5.0 ,245.0 
13.65767 ,23.09467 ,10 ,2007.0 ,9.0 ,27.0 ,297.0 
34.42333 ,36.3305 ,10 ,2007.0 ,9.0 ,21.0 ,291.0 
9.35717 ,24.33367 ,10 ,2007.0 ,10.0 ,14.0 ,314.0 
53.97983 ,26.32717 ,10 ,2007.0 ,8.0 ,18.0 ,258.0 
32.549 ,35.3885 ,11 ,2007.0 ,11.0 ,18.0 ,348.0 
-2.44617 ,38.38267 ,11 ,2007.0 ,3.0 ,2.0 ,92.0 
32.54883 ,35.38367 ,11 ,2007.0 ,10.0 ,30.0 ,330.0 
21.032 ,30.541 ,10 ,2007.0 ,9.0 ,25.0 ,295.0 
38.18317 ,32.1445 ,10 ,2007.0 ,9.0 ,18.0 ,288.0 
32.556 ,35.35533 ,11 ,2007.0 ,10.0 ,6.0 ,306.0 
20.39317 ,34.7255 ,11 ,2007.0 ,3.0 ,10.0 ,100.0 
41.07233 ,28.81267 ,7 ,2007.0 ,9.0 ,17.0 ,287.0 
32.53833 ,35.40367 ,11 ,2007.0 ,9.0 ,22.0 ,292.0 
47.24983 ,27.29333 ,7 ,2007.0 ,8.0 ,14.0 ,254.0 
32.53933 ,35.4015 ,11 ,2007.0 ,10.0 ,20.0 ,320.0 
11.211 ,23.48533 ,10 ,2007.0 ,12.0 ,1.0 ,361.0 
45.00567 ,27.8725 ,10 ,2007.0 ,9.0 ,3.0 ,273.0 
33.08483 ,35.578 ,11 ,2007.0 ,9.0 ,9.0 ,279.0 
-2.87383 ,38.6625 ,11 ,2007.0 ,3.0 ,1.0 ,91.0 
32.5385 ,35.4035 ,11 ,2007.0 ,9.0 ,27.0 ,297.0 
32.55267 ,35.42283 ,11 ,2007.0 ,11.0 ,5.0 ,335.0 
50.30083 ,24.9065 ,11 ,2007.0 ,4.0 ,6.0 ,126.0 
15.23717 ,36.84367 ,11 ,2007.0 ,12.0 ,29.0 ,389.0 
42.41417 ,24.44117 ,11 ,2007.0 ,4.0 ,1.0 ,121.0 
51.89867 ,26.50083 ,10 ,2007.0 ,8.0 ,24.0 ,264.0 
25.1435 ,32.88383 ,10 ,2007.0 ,9.0 ,24.0 ,294.0 
32.5395 ,35.40233 ,11 ,2007.0 ,10.0 ,16.0 ,316.0 
29.79867 ,35.07567 ,11 ,2007.0 ,3.0 ,14.0 ,104.0 
24.22067 ,34.38017 ,11 ,2007.0 ,1.0 ,1.0 ,31.0 
-2.23083 ,37.67767 ,11 ,2007.0 ,1.0 ,14.0 ,44.0 
36.63633 ,33.8485 ,11 ,2007.0 ,9.0 ,7.0 ,277.0 
15.249 ,24.417 ,10 ,2007.0 ,9.0 ,26.0 ,296.0 
32.538 ,35.40367 ,11 ,2007.0 ,9.0 ,19.0 ,289.0 
32.53833 ,35.403 ,11 ,2007.0 ,9.0 ,23.0 ,293.0 
2.922 ,36.835 ,11 ,2007.0 ,1.0 ,10.0 ,40.0 
52.92883 ,25.2725 ,11 ,2007.0 ,4.0 ,10.0 ,130.0 
19.9965 ,34.9115 ,11 ,2007.0 ,3.0 ,10.0 ,100.0 
32.53617 ,35.40417 ,11 ,2007.0 ,11.0 ,8.0 ,338.0 
49.81517 ,27.95067 ,17 ,2007.0 ,9.0 ,17.0 ,287.0 
38.62517 ,31.09467 ,17 ,2007.0 ,10.0 ,17.0 ,317.0 
49.72383 ,27.937 ,17 ,2007.0 ,9.0 ,18.0 ,288.0 
52.15983 ,27.14317 ,17 ,2007.0 ,9.0 ,9.0 ,279.0 
38.61183 ,31.11733 ,17 ,2007.0 ,10.0 ,21.0 ,321.0 
54.7745 ,28.875 ,17 ,2007.0 ,9.0 ,5.0 ,275.0 
49.074 ,27.55617 ,17 ,2007.0 ,9.0 ,25.0 ,295.0 
49.674 ,27.8335 ,17 ,2007.0 ,9.0 ,18.0 ,288.0 
35.13183 ,36.46483 ,17 ,2007.0 ,10.0 ,27.0 ,327.0 
49.80933 ,27.959 ,17 ,2007.0 ,9.0 ,16.0 ,286.0 
52.16367 ,27.14517 ,17 ,2007.0 ,9.0 ,12.0 ,282.0 
36.76383 ,35.70317 ,17 ,2007.0 ,10.0 ,27.0 ,327.0 
45.36383 ,27.82283 ,17 ,2007.0 ,10.0 ,8.0 ,308.0 
57.52317 ,28.12783 ,17 ,2007.0 ,8.0 ,27.0 ,267.0 
52.18017 ,27.13133 ,17 ,2007.0 ,9.0 ,9.0 ,279.0 
48.91667 ,17.22783 ,21 ,2007.0 ,4.0 ,2.0 ,122.0 
-1 ,-1 ,21 ,2007.0 ,4.0 ,8.0 ,128.0 
45.272 ,16.983 ,21 ,2007.0 ,3.0 ,14.0 ,104.0 
57.94467 ,24.74333 ,21 ,2007.0 ,4.0 ,8.0 ,128.0 
-1 ,-1 ,21 ,2007.0 ,4.0 ,8.0 ,128.0 
45.22933 ,17.0685 ,21 ,2007.0 ,3.0 ,23.0 ,113.0 
45.2295 ,17.068 ,21 ,2007.0 ,3.0 ,23.0 ,113.0 
47.0985 ,16.37567 ,21 ,2007.0 ,3.0 ,31.0 ,121.0 
25.4935 ,17.365 ,0 ,2007.0 ,3.0 ,17.0 ,107.0 
25.46517 ,23.89833 ,0 ,2007.0 ,8.0 ,27.0 ,267.0 
34.67467 ,25.559 ,0 ,2007.0 ,8.0 ,25.0 ,265.0 
10.90267 ,21.5715 ,0 ,2007.0 ,3.0 ,11.0 ,101.0 
23.1785 ,33.23183 ,1 ,2007.0 ,9.0 ,16.0 ,286.0 
13.38 ,22.50933 ,0 ,2007.0 ,3.0 ,12.0 ,102.0 
52.2425 ,27.3455 ,0 ,2007.0 ,8.0 ,13.0 ,253.0 
-1 ,-1 ,1 ,2007.0 ,8.0 ,13.0 ,253.0 
18.74833 ,19.811 ,0 ,2007.0 ,3.0 ,15.0 ,105.0 
8.7285 ,20.50383 ,0 ,2007.0 ,9.0 ,3.0 ,273.0 
7.408 ,20.10333 ,0 ,2007.0 ,3.0 ,10.0 ,100.0 
51.46017 ,28.47633 ,1 ,2007.0 ,8.0 ,16.0 ,256.0 
13.0385 ,35.0115 ,1 ,2007.0 ,9.0 ,20.0 ,290.0 
55.91933 ,28.50167 ,1 ,2007.0 ,8.0 ,15.0 ,255.0 
4.54967 ,20.30333 ,0 ,2007.0 ,9.0 ,6.0 ,276.0 
1.7125 ,19.23783 ,0 ,2007.0 ,9.0 ,8.0 ,278.0 
56.8085 ,26.78467 ,0 ,2007.0 ,4.0 ,1.0 ,121.0 
54.22867 ,28.49533 ,1 ,2007.0 ,8.0 ,15.0 ,255.0 
7.15883 ,20.0485 ,0 ,2007.0 ,9.0 ,5.0 ,275.0 
0.457 ,17.97183 ,0 ,2007.0 ,3.0 ,8.0 ,98.0 
47.327 ,27.25367 ,7 ,2007.0 ,8.0 ,19.0 ,259.0 
19.6325 ,31.92817 ,7 ,2007.0 ,9.0 ,28.0 ,298.0 
-1 ,-1 ,7 ,2007.0 ,7.0 ,28.0 ,238.0 
47.27233 ,27.24567 ,7 ,2007.0 ,8.0 ,10.0 ,250.0 
51.64617 ,25.10767 ,11 ,2007.0 ,4.0 ,7.0 ,127.0 
35.74067 ,36.3355 ,10 ,2007.0 ,9.0 ,20.0 ,290.0 
47.305 ,27.21817 ,7 ,2007.0 ,8.0 ,8.0 ,248.0 
47.30583 ,27.431 ,7 ,2007.0 ,8.0 ,20.0 ,260.0 
6.84567 ,36.7445 ,11 ,2007.0 ,1.0 ,9.0 ,39.0 
57.26767 ,26.99733 ,11 ,2007.0 ,4.0 ,13.0 ,133.0 
32.5905 ,35.42733 ,11 ,2007.0 ,9.0 ,13.0 ,283.0 
36.26817 ,36.157 ,10 ,2007.0 ,9.0 ,20.0 ,290.0 
50.29733 ,24.89433 ,11 ,2007.0 ,4.0 ,6.0 ,126.0 
8.624 ,23.996 ,10 ,2007.0 ,12.0 ,4.0 ,364.0 
19.44367 ,35.08867 ,11 ,2007.0 ,3.0 ,10.0 ,100.0 
32.5505 ,35.42083 ,11 ,2007.0 ,11.0 ,13.0 ,343.0 
8.02133 ,35.672 ,11 ,2007.0 ,3.0 ,5.0 ,95.0 
23.28933 ,33.99033 ,11 ,2007.0 ,3.0 ,12.0 ,102.0 
38.74733 ,31.664 ,11 ,2007.0 ,9.0 ,6.0 ,276.0 
32.54067 ,35.40183 ,11 ,2007.0 ,10.0 ,15.0 ,315.0 
8.617 ,24.002 ,10 ,2007.0 ,10.0 ,13.0 ,313.0 
2.94283 ,37.39933 ,11 ,2007.0 ,3.0 ,4.0 ,94.0 
50.93117 ,25.0015 ,11 ,2007.0 ,4.0 ,7.0 ,127.0 
44.67333 ,27.80083 ,10 ,2007.0 ,9.0 ,14.0 ,284.0 
32.556 ,35.35517 ,11 ,2007.0 ,10.0 ,7.0 ,307.0 
15.7335 ,36.834 ,11 ,2007.0 ,1.0 ,4.0 ,34.0 
31.0365 ,35.33833 ,11 ,2007.0 ,3.0 ,15.0 ,105.0 
-1 ,-1 ,11 ,2007.0 ,4.0 ,13.0 ,133.0 
33.894 ,36.54117 ,11 ,2007.0 ,9.0 ,8.0 ,278.0 
4.95 ,36.83983 ,11 ,2007.0 ,3.0 ,5.0 ,95.0 
-2.4435 ,38.38267 ,11 ,2007.0 ,3.0 ,2.0 ,92.0 
16.08883 ,36.8025 ,11 ,2007.0 ,1.0 ,4.0 ,34.0 
52.98533 ,25.35883 ,11 ,2007.0 ,4.0 ,9.0 ,129.0 
-2.443 ,38.38217 ,11 ,2007.0 ,3.0 ,3.0 ,93.0 
40.42067 ,30.365 ,11 ,2007.0 ,9.0 ,5.0 ,275.0 
32.52883 ,35.4395 ,11 ,2007.0 ,11.0 ,16.0 ,346.0 
11.41683 ,23.38217 ,10 ,2007.0 ,9.0 ,28.0 ,298.0 
11.12833 ,35.36633 ,11 ,2007.0 ,3.0 ,7.0 ,97.0 
32.53717 ,35.40583 ,11 ,2007.0 ,11.0 ,12.0 ,342.0 
48.95717 ,27.60733 ,11 ,2007.0 ,8.0 ,26.0 ,266.0 
32.53967 ,35.40133 ,11 ,2007.0 ,10.0 ,29.0 ,329.0 
30.02067 ,35.07617 ,11 ,2007.0 ,3.0 ,15.0 ,105.0 
53.26117 ,25.367 ,11 ,2007.0 ,4.0 ,11.0 ,131.0 
32.5335 ,35.4065 ,11 ,2007.0 ,9.0 ,19.0 ,289.0 
35.13667 ,36.4425 ,17 ,2007.0 ,10.0 ,28.0 ,328.0 
49.069 ,27.547 ,17 ,2007.0 ,9.0 ,28.0 ,298.0 
49.8175 ,27.949 ,17 ,2007.0 ,9.0 ,16.0 ,286.0 
49.04767 ,27.54133 ,17 ,2007.0 ,9.0 ,27.0 ,297.0 
49.05983 ,27.58933 ,17 ,2007.0 ,9.0 ,22.0 ,292.0 
33.29283 ,35.716 ,17 ,2007.0 ,10.0 ,29.0 ,329.0 
49.0695 ,27.55233 ,17 ,2007.0 ,9.0 ,26.0 ,296.0 
49.80917 ,27.95817 ,17 ,2007.0 ,9.0 ,16.0 ,286.0 
54.80617 ,28.90533 ,17 ,2007.0 ,9.0 ,4.0 ,274.0 
49.061 ,27.59133 ,17 ,2007.0 ,9.0 ,24.0 ,294.0 
45.25167 ,17.03633 ,21 ,2007.0 ,3.0 ,29.0 ,119.0 
52.3185 ,20.39483 ,21 ,2007.0 ,4.0 ,4.0 ,124.0 
45.254 ,17.02133 ,21 ,2007.0 ,3.0 ,26.0 ,116.0 
45.23 ,17.06867 ,21 ,2007.0 ,3.0 ,23.0 ,113.0 
50.64267 ,18.52933 ,21 ,2007.0 ,4.0 ,3.0 ,123.0 
45.25167 ,17.03633 ,21 ,2007.0 ,3.0 ,29.0 ,119.0 
52.42317 ,20.49317 ,21 ,2007.0 ,4.0 ,4.0 ,124.0 
52.298 ,27.303 ,0 ,2007.0 ,8.0 ,12.0 ,252.0 
54.31767 ,25.97533 ,0 ,2007.0 ,3.0 ,31.0 ,121.0 
53.20533 ,27.684 ,0 ,2007.0 ,8.0 ,4.0 ,244.0 
11.85667 ,21.21517 ,0 ,2007.0 ,9.0 ,1.0 ,271.0 
20.225 ,18.0675 ,0 ,2007.0 ,3.0 ,15.0 ,105.0 
17.2 ,33.7665 ,1 ,2007.0 ,9.0 ,18.0 ,288.0 
5.5965 ,19.43 ,0 ,2007.0 ,3.0 ,9.0 ,99.0 
20.28233 ,23.38217 ,0 ,2007.0 ,8.0 ,28.0 ,268.0 
21.9895 ,22.56567 ,0 ,2007.0 ,8.0 ,28.0 ,268.0 
43.54167 ,27.66517 ,1 ,2007.0 ,8.0 ,19.0 ,259.0 
29.33517 ,24.48717 ,0 ,2007.0 ,8.0 ,26.0 ,266.0 
20.55167 ,18.071 ,0 ,2007.0 ,3.0 ,16.0 ,106.0 
13.219 ,21.25183 ,0 ,2007.0 ,9.0 ,1.0 ,271.0 
15.466 ,21.91017 ,0 ,2007.0 ,3.0 ,13.0 ,103.0 
37.58617 ,28.44783 ,1 ,2007.0 ,9.0 ,13.0 ,283.0 
8.43517 ,20.35617 ,0 ,2007.0 ,3.0 ,10.0 ,100.0 
53.72783 ,25.60817 ,0 ,2007.0 ,3.0 ,31.0 ,121.0 
13.18783 ,34.87833 ,1 ,2007.0 ,9.0 ,20.0 ,290.0 
42.25733 ,26.96933 ,1 ,2007.0 ,8.0 ,22.0 ,262.0 
4.47133 ,20.20183 ,0 ,2007.0 ,9.0 ,6.0 ,276.0 
52.30767 ,27.31 ,0 ,2007.0 ,8.0 ,7.0 ,247.0 
45.14983 ,26.61717 ,0 ,2007.0 ,8.0 ,23.0 ,263.0 
38.5855 ,28.03967 ,1 ,2007.0 ,8.0 ,31.0 ,271.0 
52.183 ,27.3445 ,0 ,2007.0 ,8.0 ,12.0 ,252.0 
3.54517 ,20.19067 ,0 ,2007.0 ,9.0 ,6.0 ,276.0 
7.408 ,20.10333 ,0 ,2007.0 ,3.0 ,10.0 ,100.0 
56.7145 ,26.42117 ,7 ,2007.0 ,8.0 ,2.0 ,242.0 
33.807 ,36.05567 ,7 ,2007.0 ,9.0 ,22.0 ,292.0 
-1 ,-1 ,7 ,2007.0 ,7.0 ,28.0 ,238.0 
47.30217 ,27.21783 ,7 ,2007.0 ,9.0 ,9.0 ,279.0 
47.2775 ,27.3015 ,7 ,2007.0 ,8.0 ,24.0 ,264.0 
47.40667 ,27.25883 ,7 ,2007.0 ,9.0 ,3.0 ,273.0 
47.32833 ,27.19833 ,7 ,2007.0 ,9.0 ,11.0 ,281.0 
16.67883 ,32.02883 ,7 ,2007.0 ,9.0 ,28.0 ,298.0 
24.83867 ,33.03033 ,7 ,2007.0 ,9.0 ,26.0 ,296.0 
-1 ,-1 ,7 ,2007.0 ,7.0 ,27.0 ,237.0 
47.29667 ,27.23067 ,7 ,2007.0 ,8.0 ,13.0 ,253.0 
47.3285 ,27.197 ,7 ,2007.0 ,9.0 ,11.0 ,281.0 
47.32 ,27.27933 ,7 ,2007.0 ,8.0 ,16.0 ,256.0 
53.05567 ,26.5975 ,10 ,2007.0 ,8.0 ,19.0 ,259.0 
47.26817 ,27.29267 ,7 ,2007.0 ,8.0 ,29.0 ,269.0 
32.55433 ,35.3555 ,11 ,2007.0 ,10.0 ,4.0 ,304.0 
47.31333 ,27.21017 ,7 ,2007.0 ,8.0 ,25.0 ,265.0 
33.08483 ,35.57783 ,11 ,2007.0 ,9.0 ,9.0 ,279.0 
50.29833 ,24.89467 ,11 ,2007.0 ,4.0 ,7.0 ,127.0 
47.30633 ,27.22917 ,7 ,2007.0 ,9.0 ,11.0 ,281.0 
25.14967 ,32.99483 ,7 ,2007.0 ,9.0 ,25.0 ,295.0 
32.53733 ,35.4065 ,11 ,2007.0 ,9.0 ,30.0 ,300.0 
14.497 ,32.59033 ,7 ,2007.0 ,9.0 ,29.0 ,299.0 
19.12483 ,31.96817 ,7 ,2007.0 ,9.0 ,28.0 ,298.0 
8.6425 ,24.01817 ,10 ,2007.0 ,12.0 ,6.0 ,366.0 
40.46717 ,30.46617 ,7 ,2007.0 ,9.0 ,18.0 ,288.0 
47.27267 ,27.26317 ,7 ,2007.0 ,9.0 ,5.0 ,275.0 
32.5385 ,35.4035 ,11 ,2007.0 ,9.0 ,21.0 ,291.0 
32.5365 ,35.40467 ,11 ,2007.0 ,11.0 ,1.0 ,331.0 
47.9405 ,23.9695 ,11 ,2007.0 ,4.0 ,4.0 ,124.0 
11.97067 ,22.874 ,10 ,2007.0 ,9.0 ,27.0 ,297.0 
32.536 ,35.40783 ,11 ,2007.0 ,11.0 ,16.0 ,346.0 
42.25767 ,24.73933 ,11 ,2007.0 ,4.0 ,1.0 ,121.0 
32.53633 ,35.40417 ,11 ,2007.0 ,10.0 ,28.0 ,328.0 
32.53833 ,35.40333 ,11 ,2007.0 ,9.0 ,20.0 ,290.0 
44.977 ,27.89183 ,10 ,2007.0 ,8.0 ,31.0 ,271.0 
-4.493 ,38.502 ,11 ,2007.0 ,1.0 ,16.0 ,46.0 
47.28067 ,27.23117 ,7 ,2007.0 ,9.0 ,1.0 ,271.0 
32.53817 ,35.40383 ,11 ,2007.0 ,9.0 ,18.0 ,288.0 
32.539 ,35.4015 ,11 ,2007.0 ,10.0 ,19.0 ,319.0 
18.88017 ,35.3105 ,11 ,2007.0 ,3.0 ,10.0 ,100.0 
52.2755 ,26.32683 ,10 ,2007.0 ,8.0 ,21.0 ,261.0 
24.64767 ,34.22433 ,11 ,2007.0 ,3.0 ,13.0 ,103.0 
32.53733 ,35.4065 ,11 ,2007.0 ,10.0 ,1.0 ,301.0 
32.53917 ,35.4025 ,11 ,2007.0 ,10.0 ,12.0 ,312.0 
32.54 ,35.4025 ,11 ,2007.0 ,10.0 ,19.0 ,319.0 
32.5405 ,35.399 ,11 ,2007.0 ,11.0 ,22.0 ,352.0 
32.55583 ,35.35517 ,11 ,2007.0 ,10.0 ,7.0 ,307.0 
32.55433 ,35.3555 ,11 ,2007.0 ,10.0 ,7.0 ,307.0 
32.55083 ,35.42083 ,11 ,2007.0 ,11.0 ,12.0 ,342.0 
52.92733 ,25.27817 ,11 ,2007.0 ,4.0 ,9.0 ,129.0 
-0.77467 ,37.546 ,11 ,2007.0 ,1.0 ,12.0 ,42.0 
38.26933 ,32.36933 ,11 ,2007.0 ,9.0 ,6.0 ,276.0 
24.64767 ,34.2245 ,11 ,2007.0 ,3.0 ,13.0 ,103.0 
32.54867 ,35.383 ,11 ,2007.0 ,10.0 ,12.0 ,312.0 
7.74117 ,36.46733 ,11 ,2007.0 ,1.0 ,8.0 ,38.0 
25.57517 ,33.7025 ,11 ,2007.0 ,12.0 ,25.0 ,385.0 
42.50467 ,27.29267 ,11 ,2007.0 ,9.0 ,2.0 ,272.0 
42.34283 ,24.70967 ,11 ,2007.0 ,4.0 ,1.0 ,121.0 
11.07133 ,35.37167 ,11 ,2007.0 ,3.0 ,7.0 ,97.0 
33.29033 ,35.71933 ,17 ,2007.0 ,10.0 ,31.0 ,331.0 
40.29917 ,29.45517 ,17 ,2007.0 ,10.0 ,15.0 ,315.0 
49.80967 ,27.9595 ,17 ,2007.0 ,9.0 ,16.0 ,286.0 
38.61217 ,31.117 ,17 ,2007.0 ,10.0 ,22.0 ,322.0 
52.22383 ,27.12267 ,17 ,2007.0 ,9.0 ,10.0 ,280.0 
49.0855 ,27.543 ,17 ,2007.0 ,9.0 ,29.0 ,299.0 
49.06333 ,27.561 ,17 ,2007.0 ,9.0 ,22.0 ,292.0 
49.8155 ,27.9505 ,17 ,2007.0 ,9.0 ,15.0 ,285.0 
38.62433 ,31.09617 ,17 ,2007.0 ,10.0 ,21.0 ,321.0 
49.72383 ,27.936 ,17 ,2007.0 ,9.0 ,19.0 ,289.0 
49.77767 ,18.61 ,21 ,2007.0 ,2.0 ,24.0 ,84.0 
-1 ,-1 ,21 ,2007.0 ,4.0 ,9.0 ,129.0 
45.22817 ,17.11617 ,21 ,2007.0 ,3.0 ,25.0 ,115.0 
56.186 ,24.86217 ,21 ,2007.0 ,4.0 ,7.0 ,127.0 
56.186 ,24.86217 ,21 ,2007.0 ,4.0 ,7.0 ,127.0 
52.32 ,20.38167 ,21 ,2007.0 ,4.0 ,4.0 ,124.0 
50.64267 ,18.52983 ,21 ,2007.0 ,4.0 ,3.0 ,123.0 
45.24533 ,17.02967 ,21 ,2007.0 ,3.0 ,26.0 ,116.0 
18.89067 ,22.85417 ,0 ,2007.0 ,8.0 ,29.0 ,269.0 
22.60333 ,18.8935 ,0 ,2007.0 ,3.0 ,17.0 ,107.0 
38.586 ,28.03267 ,1 ,2007.0 ,9.0 ,9.0 ,279.0 
52.3075 ,27.31017 ,0 ,2007.0 ,8.0 ,13.0 ,253.0 
33.74117 ,25.47783 ,0 ,2007.0 ,8.0 ,25.0 ,265.0 
26.96667 ,32.082 ,1 ,2007.0 ,9.0 ,14.0 ,284.0 
26.28567 ,32.15433 ,1 ,2007.0 ,9.0 ,15.0 ,285.0 
31.1035 ,25.3405 ,0 ,2007.0 ,8.0 ,25.0 ,265.0 
6.56817 ,19.8365 ,0 ,2007.0 ,3.0 ,9.0 ,99.0 
2.0645 ,18.19283 ,0 ,2007.0 ,3.0 ,8.0 ,98.0 
2.5975 ,19.75533 ,0 ,2007.0 ,9.0 ,7.0 ,277.0 
-1 ,-1 ,1 ,2007.0 ,8.0 ,12.0 ,252.0 
0.76333 ,19.0165 ,0 ,2007.0 ,9.0 ,9.0 ,279.0 
23.2235 ,22.94467 ,0 ,2007.0 ,8.0 ,27.0 ,267.0 
25.46517 ,23.89833 ,0 ,2007.0 ,8.0 ,27.0 ,267.0 
53.87117 ,27.61833 ,0 ,2007.0 ,8.0 ,4.0 ,244.0 
25.326 ,23.81433 ,0 ,2007.0 ,8.0 ,27.0 ,267.0 
57.48433 ,27.548 ,0 ,2007.0 ,4.0 ,2.0 ,122.0 
13.8765 ,34.8095 ,1 ,2007.0 ,9.0 ,19.0 ,289.0 
50.8445 ,26.01117 ,0 ,2007.0 ,3.0 ,30.0 ,120.0 
38.5855 ,28.036 ,1 ,2007.0 ,9.0 ,11.0 ,281.0 
30.203 ,34.976 ,7 ,2007.0 ,9.0 ,24.0 ,294.0 
41.693 ,27.37867 ,7 ,2007.0 ,9.0 ,17.0 ,287.0 
47.33967 ,27.16817 ,7 ,2007.0 ,8.0 ,13.0 ,253.0 
16.19433 ,32.05283 ,7 ,2007.0 ,9.0 ,29.0 ,299.0 
37.78417 ,32.87483 ,7 ,2007.0 ,9.0 ,20.0 ,290.0 
47.285 ,27.23067 ,7 ,2007.0 ,8.0 ,13.0 ,253.0 
-1 ,-1 ,7 ,2007.0 ,7.0 ,27.0 ,237.0 
39.38567 ,31.23817 ,7 ,2007.0 ,9.0 ,18.0 ,288.0 
47.32067 ,27.25917 ,7 ,2007.0 ,8.0 ,31.0 ,271.0 
27.417 ,33.44783 ,7 ,2007.0 ,9.0 ,24.0 ,294.0 
57.17267 ,26.09067 ,7 ,2007.0 ,7.0 ,31.0 ,241.0 
47.27017 ,27.26317 ,7 ,2007.0 ,9.0 ,7.0 ,277.0 
-1 ,-1 ,10 ,2007.0 ,7.0 ,16.0 ,226.0 
57.0895 ,26.0715 ,7 ,2007.0 ,8.0 ,1.0 ,241.0 
47.2975 ,27.22817 ,7 ,2007.0 ,8.0 ,13.0 ,253.0 
47.30217 ,27.21817 ,7 ,2007.0 ,9.0 ,11.0 ,281.0 
41.88617 ,27.32317 ,7 ,2007.0 ,9.0 ,16.0 ,286.0 
54.73017 ,26.49767 ,7 ,2007.0 ,8.0 ,2.0 ,242.0 
-1 ,-1 ,7 ,2007.0 ,7.0 ,26.0 ,236.0 
14.373 ,23.28133 ,10 ,2007.0 ,9.0 ,27.0 ,297.0 
47.32267 ,27.2575 ,7 ,2007.0 ,8.0 ,25.0 ,265.0 
47.32217 ,27.25767 ,7 ,2007.0 ,8.0 ,21.0 ,261.0 
15.4375 ,36.568 ,11 ,2007.0 ,3.0 ,8.0 ,98.0 
32.533 ,35.40983 ,11 ,2007.0 ,11.0 ,6.0 ,336.0 
18.48967 ,35.63083 ,11 ,2007.0 ,3.0 ,10.0 ,100.0 
32.53783 ,35.41017 ,11 ,2007.0 ,3.0 ,19.0 ,109.0 
8.817 ,36.335 ,11 ,2007.0 ,1.0 ,8.0 ,38.0 
-1.84367 ,37.763 ,11 ,2007.0 ,1.0 ,12.0 ,42.0 
42.49567 ,27.29017 ,11 ,2007.0 ,9.0 ,2.0 ,272.0 
28.5915 ,33.78133 ,10 ,2007.0 ,9.0 ,23.0 ,293.0 
31.93233 ,35.5215 ,11 ,2007.0 ,3.0 ,16.0 ,106.0 
42.49517 ,27.30617 ,11 ,2007.0 ,8.0 ,30.0 ,270.0 
8.625 ,35.56983 ,11 ,2007.0 ,3.0 ,6.0 ,96.0 
32.5375 ,35.4055 ,11 ,2007.0 ,9.0 ,20.0 ,290.0 
32.55433 ,35.37767 ,11 ,2007.0 ,11.0 ,14.0 ,344.0 
32.55017 ,35.4245 ,11 ,2007.0 ,11.0 ,13.0 ,343.0 
32.53667 ,35.40517 ,11 ,2007.0 ,9.0 ,27.0 ,297.0 
32.55433 ,35.35567 ,11 ,2007.0 ,10.0 ,4.0 ,304.0 
32.533 ,35.411 ,11 ,2007.0 ,11.0 ,7.0 ,337.0 
52.98533 ,25.35933 ,11 ,2007.0 ,4.0 ,9.0 ,129.0 
52.98267 ,25.35483 ,11 ,2007.0 ,4.0 ,8.0 ,128.0 
48.95167 ,27.61417 ,11 ,2007.0 ,8.0 ,25.0 ,265.0 
33.32283 ,36.27633 ,11 ,2007.0 ,9.0 ,9.0 ,279.0 
32.5395 ,35.40167 ,11 ,2007.0 ,10.0 ,25.0 ,325.0 
49.0675 ,27.54967 ,17 ,2007.0 ,9.0 ,28.0 ,298.0 
38.62433 ,31.09583 ,17 ,2007.0 ,10.0 ,20.0 ,320.0 
55.3925 ,28.78633 ,17 ,2007.0 ,9.0 ,1.0 ,271.0 
49.711 ,27.93917 ,17 ,2007.0 ,9.0 ,14.0 ,284.0 
38.629 ,31.16017 ,17 ,2007.0 ,10.0 ,23.0 ,323.0 
36.76283 ,35.7025 ,17 ,2007.0 ,10.0 ,26.0 ,326.0 
49.80017 ,27.893 ,17 ,2007.0 ,9.0 ,17.0 ,287.0 
52.18317 ,27.12283 ,17 ,2007.0 ,9.0 ,11.0 ,281.0 
49.711 ,27.93983 ,17 ,2007.0 ,9.0 ,21.0 ,291.0 
37.39667 ,33.29883 ,17 ,2007.0 ,10.0 ,25.0 ,325.0 
49.06333 ,27.561 ,17 ,2007.0 ,9.0 ,23.0 ,293.0 
57.52867 ,28.1145 ,17 ,2007.0 ,8.0 ,27.0 ,267.0 
49.72483 ,27.93533 ,17 ,2007.0 ,9.0 ,20.0 ,290.0 
49.0865 ,27.54467 ,17 ,2007.0 ,9.0 ,28.0 ,298.0 
49.0725 ,27.55917 ,17 ,2007.0 ,9.0 ,23.0 ,293.0 
49.8175 ,27.95867 ,17 ,2007.0 ,9.0 ,15.0 ,285.0 
47.104 ,16.36617 ,21 ,2007.0 ,4.0 ,1.0 ,121.0 
52.12767 ,19.87617 ,21 ,2007.0 ,4.0 ,3.0 ,123.0 
45.452 ,16.719 ,21 ,2007.0 ,3.0 ,31.0 ,121.0 
55.1985 ,23.5405 ,21 ,2007.0 ,4.0 ,6.0 ,126.0 
45.50867 ,16.705 ,21 ,2007.0 ,3.0 ,31.0 ,121.0 
47.10467 ,16.366 ,21 ,2007.0 ,4.0 ,1.0 ,121.0 
56.18583 ,24.86233 ,21 ,2007.0 ,4.0 ,7.0 ,127.0 
7.35083 ,20.06467 ,0 ,2007.0 ,9.0 ,4.0 ,274.0 
47.35983 ,27.32783 ,0 ,2007.0 ,3.0 ,28.0 ,118.0 
26.19433 ,32.13217 ,1 ,2007.0 ,9.0 ,15.0 ,285.0 
40.02667 ,27.37567 ,1 ,2007.0 ,8.0 ,23.0 ,263.0 
38.5855 ,28.03983 ,1 ,2007.0 ,8.0 ,29.0 ,269.0 
13.01867 ,34.958 ,1 ,2007.0 ,9.0 ,20.0 ,290.0 
9.80483 ,20.66033 ,0 ,2007.0 ,9.0 ,2.0 ,272.0 
38.586 ,28.04317 ,1 ,2007.0 ,8.0 ,31.0 ,271.0 
-1 ,-1 ,1 ,2007.0 ,8.0 ,13.0 ,253.0 
30.18183 ,25.011 ,0 ,2007.0 ,8.0 ,25.0 ,265.0 
52.27333 ,27.385 ,0 ,2007.0 ,8.0 ,12.0 ,252.0 
3.54517 ,20.19067 ,0 ,2007.0 ,9.0 ,7.0 ,277.0 
55.37417 ,26.34383 ,0 ,2007.0 ,4.0 ,1.0 ,121.0 
21.71167 ,18.7085 ,0 ,2007.0 ,3.0 ,16.0 ,106.0 
22.553 ,33.55667 ,1 ,2007.0 ,9.0 ,16.0 ,286.0 
30.68467 ,35.23517 ,7 ,2007.0 ,9.0 ,23.0 ,293.0 
32.32933 ,35.53133 ,7 ,2007.0 ,9.0 ,23.0 ,293.0 
-1 ,-1 ,7 ,2007.0 ,7.0 ,28.0 ,238.0 
44.67417 ,27.80017 ,10 ,2007.0 ,9.0 ,13.0 ,283.0 
20.5975 ,30.25533 ,10 ,2007.0 ,9.0 ,25.0 ,295.0 
47.27667 ,27.279 ,7 ,2007.0 ,8.0 ,14.0 ,254.0 
47.2515 ,27.3015 ,7 ,2007.0 ,8.0 ,9.0 ,249.0 
34.811 ,36.52633 ,7 ,2007.0 ,9.0 ,22.0 ,292.0 
40.934 ,29.19767 ,7 ,2007.0 ,9.0 ,17.0 ,287.0 
24.20583 ,33.20783 ,7 ,2007.0 ,9.0 ,26.0 ,296.0 
18.513 ,35.5385 ,11 ,2007.0 ,3.0 ,10.0 ,100.0 
-1 ,-1 ,10 ,2007.0 ,8.0 ,9.0 ,249.0 
26.525 ,33.333 ,7 ,2007.0 ,9.0 ,25.0 ,295.0 
53.05667 ,26.60733 ,10 ,2007.0 ,8.0 ,19.0 ,259.0 
28.67017 ,33.85517 ,10 ,2007.0 ,9.0 ,23.0 ,293.0 
32.542 ,35.41017 ,11 ,2007.0 ,3.0 ,19.0 ,109.0 
39.38367 ,31.242 ,7 ,2007.0 ,9.0 ,19.0 ,289.0 
32.54033 ,35.4015 ,11 ,2007.0 ,10.0 ,24.0 ,324.0 
32.533 ,35.40867 ,11 ,2007.0 ,10.0 ,31.0 ,331.0 
47.30217 ,27.2185 ,7 ,2007.0 ,8.0 ,28.0 ,268.0 
52.93033 ,25.27233 ,11 ,2007.0 ,4.0 ,10.0 ,130.0 
32.52433 ,35.41017 ,11 ,2007.0 ,3.0 ,19.0 ,109.0 
44.92983 ,27.86167 ,10 ,2007.0 ,9.0 ,3.0 ,273.0 
-2.445 ,38.383 ,11 ,2007.0 ,3.0 ,2.0 ,92.0 
23.85017 ,34.05833 ,11 ,2007.0 ,3.0 ,12.0 ,102.0 
-2.2315 ,37.677 ,11 ,2007.0 ,1.0 ,14.0 ,44.0 
32.53967 ,35.40133 ,11 ,2007.0 ,10.0 ,26.0 ,326.0 
35.67167 ,36.5195 ,11 ,2007.0 ,9.0 ,8.0 ,278.0 
8.6615 ,23.65917 ,10 ,2007.0 ,10.0 ,13.0 ,313.0 
32.53783 ,35.41017 ,11 ,2007.0 ,3.0 ,18.0 ,108.0 
32.53317 ,35.40867 ,11 ,2007.0 ,11.0 ,15.0 ,345.0 
21.37517 ,35.43767 ,11 ,2007.0 ,1.0 ,2.0 ,32.0 
50.30017 ,24.90867 ,11 ,2007.0 ,4.0 ,7.0 ,127.0 
41.15283 ,28.44483 ,11 ,2007.0 ,9.0 ,4.0 ,274.0 
42.25283 ,25.0765 ,11 ,2007.0 ,3.0 ,27.0 ,117.0 
54.02833 ,25.85 ,11 ,2007.0 ,4.0 ,11.0 ,131.0 
32.5395 ,35.4025 ,11 ,2007.0 ,10.0 ,16.0 ,316.0 
32.55317 ,35.42267 ,11 ,2007.0 ,11.0 ,13.0 ,343.0 
48.89233 ,27.64583 ,11 ,2007.0 ,8.0 ,26.0 ,266.0 
32.536 ,35.40433 ,11 ,2007.0 ,11.0 ,6.0 ,336.0 
32.53733 ,35.40533 ,11 ,2007.0 ,9.0 ,18.0 ,288.0 
42.504 ,27.29217 ,11 ,2007.0 ,9.0 ,2.0 ,272.0 
42.5055 ,27.2925 ,11 ,2007.0 ,9.0 ,1.0 ,271.0 
57.4725 ,28.317 ,17 ,2007.0 ,8.0 ,29.0 ,269.0 
42.24417 ,27.1945 ,17 ,2007.0 ,10.0 ,11.0 ,311.0 
49.81583 ,27.94717 ,17 ,2007.0 ,9.0 ,15.0 ,285.0 
49.0675 ,27.55083 ,17 ,2007.0 ,9.0 ,27.0 ,297.0 
52.16233 ,27.1425 ,17 ,2007.0 ,9.0 ,13.0 ,283.0 
52.8175 ,27.1005 ,17 ,2007.0 ,9.0 ,8.0 ,278.0 
49.07217 ,27.562 ,17 ,2007.0 ,9.0 ,21.0 ,291.0 
41.22483 ,28.569 ,17 ,2007.0 ,10.0 ,14.0 ,314.0 
49.0675 ,27.54983 ,17 ,2007.0 ,9.0 ,29.0 ,299.0 
55.29017 ,29.0565 ,17 ,2007.0 ,9.0 ,1.0 ,271.0 
37.35217 ,33.35417 ,17 ,2007.0 ,10.0 ,26.0 ,326.0 
57.4725 ,28.31683 ,17 ,2007.0 ,8.0 ,29.0 ,269.0 
57.46217 ,28.32033 ,17 ,2007.0 ,8.0 ,30.0 ,270.0 
38.615 ,31.09683 ,17 ,2007.0 ,10.0 ,21.0 ,321.0 
38.61867 ,31.09583 ,17 ,2007.0 ,10.0 ,16.0 ,316.0 
49.06783 ,27.54567 ,17 ,2007.0 ,9.0 ,27.0 ,297.0 
49.7115 ,27.9375 ,17 ,2007.0 ,9.0 ,19.0 ,289.0 
49.0695 ,27.55233 ,17 ,2007.0 ,9.0 ,26.0 ,296.0 
45.25083 ,17.03517 ,21 ,2007.0 ,3.0 ,28.0 ,118.0 
45.23 ,17.06867 ,21 ,2007.0 ,3.0 ,14.0 ,104.0 
56.18583 ,24.86233 ,21 ,2007.0 ,4.0 ,6.0 ,126.0 
49.77583 ,18.61533 ,21 ,2007.0 ,2.0 ,24.0 ,84.0 
-1 ,-1 ,21 ,2007.0 ,4.0 ,9.0 ,129.0 
45.456 ,16.72133 ,21 ,2007.0 ,3.0 ,31.0 ,121.0 
45.249 ,17.03117 ,21 ,2007.0 ,3.0 ,30.0 ,120.0 
52.18283 ,27.3365 ,0 ,2007.0 ,8.0 ,8.0 ,248.0 
18.72 ,19.83083 ,0 ,2007.0 ,3.0 ,14.0 ,104.0 
42.72267 ,27.37517 ,1 ,2007.0 ,8.0 ,22.0 ,262.0 
32.73633 ,25.55117 ,0 ,2007.0 ,8.0 ,25.0 ,265.0 
38.6 ,28.0355 ,1 ,2007.0 ,9.0 ,9.0 ,279.0 
38.59817 ,28.04183 ,1 ,2007.0 ,8.0 ,31.0 ,271.0 
13.21917 ,21.252 ,0 ,2007.0 ,9.0 ,1.0 ,271.0 
38.58533 ,27.9765 ,1 ,2007.0 ,9.0 ,10.0 ,280.0 
52.55517 ,27.76517 ,0 ,2007.0 ,8.0 ,4.0 ,244.0 
38.5855 ,28.03967 ,1 ,2007.0 ,8.0 ,28.0 ,268.0 
9.95917 ,21.187 ,0 ,2007.0 ,3.0 ,10.0 ,100.0 
19.448 ,33.27917 ,1 ,2007.0 ,9.0 ,17.0 ,287.0 
10.61783 ,21.48683 ,0 ,2007.0 ,3.0 ,10.0 ,100.0 
23.663 ,33.10333 ,1 ,2007.0 ,9.0 ,15.0 ,285.0 
2.51083 ,19.65883 ,0 ,2007.0 ,9.0 ,8.0 ,278.0 
40.27917 ,26.94567 ,0 ,2007.0 ,8.0 ,24.0 ,264.0 
0.7565 ,19.00417 ,0 ,2007.0 ,9.0 ,10.0 ,280.0 
12.41633 ,22.173 ,0 ,2007.0 ,3.0 ,11.0 ,101.0 
14.03033 ,22.33983 ,0 ,2007.0 ,3.0 ,12.0 ,102.0 
20.95033 ,33.59083 ,1 ,2007.0 ,9.0 ,16.0 ,286.0 
58.213 ,28.15783 ,0 ,2007.0 ,8.0 ,3.0 ,243.0 
53.72183 ,25.6065 ,0 ,2007.0 ,3.0 ,30.0 ,120.0 
24.73033 ,17.94767 ,0 ,2007.0 ,3.0 ,17.0 ,107.0 
17.90617 ,33.94233 ,1 ,2007.0 ,9.0 ,17.0 ,287.0 
16.467 ,34.29783 ,1 ,2007.0 ,9.0 ,18.0 ,288.0 
47.32733 ,27.19567 ,7 ,2007.0 ,9.0 ,9.0 ,279.0 
-1 ,-1 ,7 ,2007.0 ,7.0 ,26.0 ,236.0 
24.97817 ,32.99733 ,7 ,2007.0 ,9.0 ,25.0 ,295.0 
47.28667 ,27.23533 ,7 ,2007.0 ,8.0 ,6.0 ,246.0 
-1 ,-1 ,7 ,2007.0 ,7.0 ,26.0 ,236.0 
37.80917 ,32.77867 ,7 ,2007.0 ,9.0 ,20.0 ,290.0 
47.31167 ,27.2265 ,7 ,2007.0 ,8.0 ,7.0 ,247.0 
57.28033 ,26.01467 ,7 ,2007.0 ,7.0 ,30.0 ,240.0 
47.29783 ,27.23 ,7 ,2007.0 ,9.0 ,13.0 ,283.0 
-2.2315 ,37.67717 ,11 ,2007.0 ,1.0 ,15.0 ,45.0 
14.83217 ,37.27717 ,11 ,2007.0 ,1.0 ,4.0 ,34.0 
56.952 ,22.75533 ,10 ,2007.0 ,8.0 ,15.0 ,255.0 
36.854 ,35.3155 ,7 ,2007.0 ,9.0 ,21.0 ,291.0 
47.27767 ,27.30133 ,7 ,2007.0 ,8.0 ,17.0 ,257.0 
32.53683 ,35.40383 ,11 ,2007.0 ,9.0 ,21.0 ,291.0 
34.42167 ,37.04417 ,11 ,2007.0 ,9.0 ,8.0 ,278.0 
8.6725 ,23.657 ,10 ,2007.0 ,10.0 ,13.0 ,313.0 
39.276 ,30.90317 ,11 ,2007.0 ,9.0 ,6.0 ,276.0 
32.55467 ,35.35567 ,11 ,2007.0 ,10.0 ,5.0 ,305.0 
-2.22467 ,37.6805 ,11 ,2007.0 ,1.0 ,14.0 ,44.0 
16.19417 ,36.65417 ,11 ,2007.0 ,12.0 ,29.0 ,389.0 
32.53817 ,35.40467 ,11 ,2007.0 ,9.0 ,17.0 ,287.0 
-1 ,-1 ,11 ,2007.0 ,4.0 ,14.0 ,134.0 
13.96817 ,36.45917 ,11 ,2007.0 ,3.0 ,8.0 ,98.0 
10.47617 ,35.5155 ,11 ,2007.0 ,3.0 ,6.0 ,96.0 
32.53817 ,35.4035 ,11 ,2007.0 ,9.0 ,21.0 ,291.0 
32.53817 ,35.40333 ,11 ,2007.0 ,9.0 ,23.0 ,293.0 
32.53767 ,35.406 ,11 ,2007.0 ,11.0 ,12.0 ,342.0 
32.5375 ,35.40533 ,11 ,2007.0 ,9.0 ,20.0 ,290.0 
32.5385 ,35.4035 ,11 ,2007.0 ,9.0 ,17.0 ,287.0 
42.49433 ,27.31767 ,11 ,2007.0 ,9.0 ,2.0 ,272.0 
42.28867 ,25.07767 ,11 ,2007.0 ,3.0 ,26.0 ,116.0 
48.95567 ,27.60867 ,11 ,2007.0 ,8.0 ,26.0 ,266.0 
47.95883 ,23.9495 ,11 ,2007.0 ,4.0 ,5.0 ,125.0 
32.53617 ,35.40383 ,11 ,2007.0 ,10.0 ,19.0 ,319.0 
32.53817 ,35.40383 ,11 ,2007.0 ,9.0 ,17.0 ,287.0 
49.064 ,27.58583 ,17 ,2007.0 ,9.0 ,24.0 ,294.0 
57.4725 ,28.3125 ,17 ,2007.0 ,8.0 ,29.0 ,269.0 
52.16 ,27.152 ,17 ,2007.0 ,9.0 ,8.0 ,278.0 
57.47683 ,28.33333 ,17 ,2007.0 ,8.0 ,29.0 ,269.0 
55.29383 ,29.07417 ,17 ,2007.0 ,9.0 ,2.0 ,272.0 
52.82667 ,27.0945 ,17 ,2007.0 ,9.0 ,7.0 ,277.0 
49.0665 ,27.58367 ,17 ,2007.0 ,9.0 ,24.0 ,294.0 
55.29033 ,29.066 ,17 ,2007.0 ,9.0 ,2.0 ,272.0 
52.18967 ,27.11683 ,17 ,2007.0 ,9.0 ,8.0 ,278.0 
52.17983 ,27.133 ,17 ,2007.0 ,9.0 ,9.0 ,279.0 
49.06383 ,27.5605 ,17 ,2007.0 ,9.0 ,21.0 ,291.0 
55.25933 ,29.12583 ,17 ,2007.0 ,9.0 ,2.0 ,272.0 
52.173 ,27.108 ,17 ,2007.0 ,9.0 ,12.0 ,282.0 
48.91667 ,17.22767 ,21 ,2007.0 ,4.0 ,1.0 ,121.0 
57.50583 ,25.04333 ,21 ,2007.0 ,4.0 ,7.0 ,127.0 
48.92567 ,17.2275 ,21 ,2007.0 ,4.0 ,2.0 ,122.0 
56.38217 ,24.94667 ,21 ,2007.0 ,4.0 ,7.0 ,127.0 
45.44617 ,16.728 ,21 ,2007.0 ,3.0 ,30.0 ,120.0 
45.25067 ,17.03517 ,21 ,2007.0 ,3.0 ,28.0 ,118.0 
9.18167 ,20.84717 ,0 ,2007.0 ,3.0 ,10.0 ,100.0 
38.5855 ,28.03983 ,1 ,2007.0 ,8.0 ,28.0 ,268.0 
13.0945 ,21.25517 ,0 ,2007.0 ,9.0 ,1.0 ,271.0 
3.78 ,20.28633 ,0 ,2007.0 ,9.0 ,6.0 ,276.0 
38.58567 ,28.02733 ,1 ,2007.0 ,9.0 ,10.0 ,280.0 
38.5855 ,28.03583 ,1 ,2007.0 ,9.0 ,1.0 ,271.0 
54.57283 ,25.99083 ,0 ,2007.0 ,3.0 ,31.0 ,121.0 
3.59617 ,18.69817 ,0 ,2007.0 ,3.0 ,9.0 ,99.0 
13.033 ,34.95883 ,1 ,2007.0 ,9.0 ,20.0 ,290.0 
3.13633 ,20.28617 ,0 ,2007.0 ,9.0 ,7.0 ,277.0 
13.87133 ,21.40867 ,0 ,2007.0 ,8.0 ,31.0 ,271.0 
52.27 ,27.31883 ,0 ,2007.0 ,8.0 ,12.0 ,252.0 
24.68567 ,23.76367 ,0 ,2007.0 ,8.0 ,27.0 ,267.0 
8.10183 ,20.24667 ,0 ,2007.0 ,9.0 ,4.0 ,274.0 
8.50033 ,20.47417 ,0 ,2007.0 ,9.0 ,4.0 ,274.0 
18.942 ,18.2155 ,0 ,2007.0 ,3.0 ,15.0 ,105.0 
38.5875 ,28.0385 ,1 ,2007.0 ,8.0 ,31.0 ,271.0 
38.58883 ,28.05717 ,1 ,2007.0 ,8.0 ,30.0 ,270.0 
29.3855 ,17.30433 ,0 ,2007.0 ,3.0 ,18.0 ,108.0 
38.5855 ,28.036 ,1 ,2007.0 ,8.0 ,31.0 ,271.0 
47.26883 ,27.29233 ,7 ,2007.0 ,8.0 ,14.0 ,254.0 
53.07517 ,26.60967 ,10 ,2007.0 ,8.0 ,18.0 ,258.0 
57.26033 ,26.0335 ,7 ,2007.0 ,7.0 ,30.0 ,240.0 
47.271 ,27.26267 ,7 ,2007.0 ,8.0 ,30.0 ,270.0 
41.317 ,27.71267 ,7 ,2007.0 ,9.0 ,17.0 ,287.0 
19.6325 ,31.92833 ,7 ,2007.0 ,9.0 ,28.0 ,298.0 
47.27717 ,27.292 ,7 ,2007.0 ,8.0 ,11.0 ,251.0 
47.28533 ,27.23417 ,7 ,2007.0 ,8.0 ,13.0 ,253.0 
22.46033 ,33.03683 ,7 ,2007.0 ,9.0 ,27.0 ,297.0 
22.46033 ,33.037 ,7 ,2007.0 ,9.0 ,27.0 ,297.0 
26.986 ,33.36583 ,10 ,2007.0 ,9.0 ,23.0 ,293.0 
32.53633 ,35.40433 ,11 ,2007.0 ,10.0 ,31.0 ,331.0 
57.28033 ,26.01267 ,7 ,2007.0 ,7.0 ,29.0 ,239.0 
47.291 ,27.18117 ,7 ,2007.0 ,8.0 ,21.0 ,261.0 
35.14767 ,36.442 ,7 ,2007.0 ,9.0 ,21.0 ,291.0 
32.53633 ,35.40433 ,11 ,2007.0 ,10.0 ,31.0 ,331.0 
8.53433 ,24.03983 ,10 ,2007.0 ,12.0 ,4.0 ,364.0 
30.68133 ,35.2345 ,7 ,2007.0 ,9.0 ,24.0 ,294.0 
-4.49333 ,39.3855 ,11 ,2007.0 ,3.0 ,1.0 ,91.0 
15.963 ,36.69633 ,11 ,2007.0 ,3.0 ,9.0 ,99.0 
44.7 ,27.80567 ,10 ,2007.0 ,9.0 ,12.0 ,282.0 
39.377 ,31.241 ,7 ,2007.0 ,9.0 ,19.0 ,289.0 
51.62983 ,27.16483 ,7 ,2007.0 ,8.0 ,5.0 ,245.0 
33.05467 ,35.7285 ,7 ,2007.0 ,9.0 ,23.0 ,293.0 
44.97733 ,27.88517 ,10 ,2007.0 ,9.0 ,3.0 ,273.0 
32.53967 ,35.40183 ,11 ,2007.0 ,10.0 ,24.0 ,324.0 
10.36067 ,24.167 ,10 ,2007.0 ,10.0 ,14.0 ,314.0 
11.30183 ,23.40383 ,10 ,2007.0 ,9.0 ,28.0 ,298.0 
48.95667 ,27.60583 ,11 ,2007.0 ,8.0 ,26.0 ,266.0 
17.522 ,26.78567 ,10 ,2007.0 ,9.0 ,25.0 ,295.0 
32.54017 ,35.39983 ,11 ,2007.0 ,11.0 ,18.0 ,348.0 
16.509 ,36.373 ,11 ,2007.0 ,3.0 ,9.0 ,99.0 
42.2915 ,25.03917 ,11 ,2007.0 ,3.0 ,26.0 ,116.0 
33.07467 ,35.59 ,11 ,2007.0 ,9.0 ,10.0 ,280.0 
32.53267 ,35.40967 ,11 ,2007.0 ,11.0 ,5.0 ,335.0 
32.54067 ,35.40183 ,11 ,2007.0 ,10.0 ,15.0 ,315.0 
32.5545 ,35.35567 ,11 ,2007.0 ,10.0 ,7.0 ,307.0 
52.93183 ,25.26817 ,11 ,2007.0 ,4.0 ,10.0 ,130.0 
32.53883 ,35.40233 ,11 ,2007.0 ,10.0 ,13.0 ,313.0 
32.554 ,35.35583 ,11 ,2007.0 ,10.0 ,5.0 ,305.0 
52.92767 ,25.27783 ,11 ,2007.0 ,4.0 ,11.0 ,131.0 
32.53567 ,35.405 ,11 ,2007.0 ,10.0 ,14.0 ,314.0 
-1 ,-1 ,11 ,2007.0 ,8.0 ,13.0 ,253.0 
32.53733 ,35.40533 ,11 ,2007.0 ,9.0 ,27.0 ,297.0 
32.54167 ,35.41017 ,11 ,2007.0 ,3.0 ,18.0 ,108.0 
27.41517 ,33.60483 ,11 ,2007.0 ,3.0 ,14.0 ,104.0 
24.80133 ,34.14383 ,11 ,2007.0 ,1.0 ,1.0 ,31.0 
39.24233 ,30.9705 ,11 ,2007.0 ,9.0 ,6.0 ,276.0 
52.9795 ,25.62617 ,11 ,2007.0 ,4.0 ,8.0 ,128.0 
32.538 ,35.4085 ,11 ,2007.0 ,3.0 ,20.0 ,110.0 
33.32767 ,36.27867 ,11 ,2007.0 ,9.0 ,9.0 ,279.0 
31.88533 ,35.52033 ,11 ,2007.0 ,3.0 ,15.0 ,105.0 
49.06833 ,27.55033 ,17 ,2007.0 ,9.0 ,29.0 ,299.0 
49.0635 ,27.5855 ,17 ,2007.0 ,9.0 ,23.0 ,293.0 
49.80967 ,27.9595 ,17 ,2007.0 ,9.0 ,18.0 ,288.0 
49.0665 ,27.54683 ,17 ,2007.0 ,9.0 ,27.0 ,297.0 
54.797 ,28.8875 ,17 ,2007.0 ,9.0 ,4.0 ,274.0 
38.6125 ,31.11717 ,17 ,2007.0 ,10.0 ,24.0 ,324.0 
38.61217 ,31.11683 ,17 ,2007.0 ,10.0 ,20.0 ,320.0 
52.86683 ,27.02033 ,17 ,2007.0 ,9.0 ,6.0 ,276.0 
49.8155 ,27.95267 ,17 ,2007.0 ,9.0 ,16.0 ,286.0 
49.068 ,27.55067 ,17 ,2007.0 ,9.0 ,27.0 ,297.0 
57.19617 ,28.40517 ,17 ,2007.0 ,8.0 ,30.0 ,270.0 
-1 ,-1 ,17 ,2007.0 ,8.0 ,27.0 ,267.0 
49.8095 ,27.95933 ,17 ,2007.0 ,9.0 ,17.0 ,287.0 
49.81517 ,27.95083 ,17 ,2007.0 ,9.0 ,17.0 ,287.0 
49.829 ,27.96967 ,17 ,2007.0 ,9.0 ,17.0 ,287.0 
52.2265 ,27.12883 ,17 ,2007.0 ,9.0 ,11.0 ,281.0 
49.7755 ,18.61517 ,21 ,2007.0 ,2.0 ,24.0 ,84.0 
54.936 ,23.46917 ,21 ,2007.0 ,4.0 ,6.0 ,126.0 
47.41467 ,16.46233 ,21 ,2007.0 ,4.0 ,1.0 ,121.0 
48.91667 ,17.22783 ,21 ,2007.0 ,4.0 ,2.0 ,122.0 
45.294 ,16.98 ,21 ,2007.0 ,3.0 ,14.0 ,104.0 
-1 ,-1 ,21 ,2007.0 ,4.0 ,8.0 ,128.0 
50.55317 ,18.113 ,21 ,2007.0 ,2.0 ,21.0 ,81.0 
45.4265 ,16.75883 ,21 ,2007.0 ,3.0 ,30.0 ,120.0 
50.64283 ,18.5295 ,21 ,2007.0 ,4.0 ,3.0 ,123.0 
53.14417 ,20.949 ,21 ,2007.0 ,4.0 ,4.0 ,124.0 
7.15883 ,20.0485 ,0 ,2007.0 ,9.0 ,5.0 ,275.0 
54.99833 ,28.3095 ,1 ,2007.0 ,8.0 ,15.0 ,255.0 
38.59083 ,28.03667 ,1 ,2007.0 ,9.0 ,11.0 ,281.0 
55.36867 ,26.339 ,0 ,2007.0 ,4.0 ,1.0 ,121.0 
21.20167 ,18.54267 ,0 ,2007.0 ,3.0 ,16.0 ,106.0 
17.12867 ,33.82 ,1 ,2007.0 ,9.0 ,18.0 ,288.0 
2.00483 ,19.54017 ,0 ,2007.0 ,9.0 ,8.0 ,278.0 
10.8905 ,21.56567 ,0 ,2007.0 ,3.0 ,11.0 ,101.0 
23.304 ,33.24833 ,1 ,2007.0 ,9.0 ,16.0 ,286.0 
13.0325 ,22.39117 ,0 ,2007.0 ,3.0 ,12.0 ,102.0 
7.158 ,20.05883 ,0 ,2007.0 ,9.0 ,4.0 ,274.0 
22.40117 ,22.66317 ,0 ,2007.0 ,8.0 ,27.0 ,267.0 
43.31317 ,27.635 ,1 ,2007.0 ,8.0 ,22.0 ,262.0 
13.2395 ,21.31233 ,0 ,2007.0 ,8.0 ,31.0 ,271.0 
2.5105 ,19.659 ,0 ,2007.0 ,9.0 ,7.0 ,277.0 
13.1975 ,34.84567 ,1 ,2007.0 ,9.0 ,19.0 ,289.0 
18.55717 ,33.87183 ,1 ,2007.0 ,9.0 ,17.0 ,287.0 
22.46033 ,33.037 ,7 ,2007.0 ,9.0 ,26.0 ,296.0 
57.24817 ,26.04017 ,7 ,2007.0 ,7.0 ,31.0 ,241.0 
47.31483 ,27.22 ,7 ,2007.0 ,8.0 ,28.0 ,268.0 
53.70233 ,26.63267 ,7 ,2007.0 ,8.0 ,3.0 ,243.0 
57.28033 ,26.01467 ,7 ,2007.0 ,7.0 ,30.0 ,240.0 
47.28467 ,27.23083 ,7 ,2007.0 ,8.0 ,24.0 ,264.0 
10.99967 ,23.88083 ,10 ,2007.0 ,10.0 ,15.0 ,315.0 
-1 ,-1 ,7 ,2007.0 ,7.0 ,29.0 ,239.0 
47.321 ,27.27833 ,7 ,2007.0 ,8.0 ,16.0 ,256.0 
57.27967 ,26.01267 ,7 ,2007.0 ,7.0 ,29.0 ,239.0 
57.17817 ,26.08567 ,7 ,2007.0 ,8.0 ,1.0 ,241.0 
44.67283 ,27.798 ,10 ,2007.0 ,9.0 ,13.0 ,283.0 
57.2805 ,26.01417 ,7 ,2007.0 ,7.0 ,30.0 ,240.0 
44.7 ,27.80567 ,10 ,2007.0 ,9.0 ,12.0 ,282.0 
47.3065 ,27.21217 ,7 ,2007.0 ,8.0 ,22.0 ,262.0 
37.546 ,33.21583 ,7 ,2007.0 ,9.0 ,20.0 ,290.0 
22.26733 ,31.46417 ,10 ,2007.0 ,9.0 ,24.0 ,294.0 
31.71833 ,35.35 ,10 ,2007.0 ,9.0 ,21.0 ,291.0 
40.77583 ,29.961 ,7 ,2007.0 ,9.0 ,18.0 ,288.0 
47.32417 ,27.2945 ,7 ,2007.0 ,8.0 ,16.0 ,256.0 
47.31233 ,27.22567 ,7 ,2007.0 ,8.0 ,7.0 ,247.0 
24.97817 ,32.99717 ,7 ,2007.0 ,9.0 ,26.0 ,296.0 
11.673 ,23.14633 ,10 ,2007.0 ,9.0 ,28.0 ,298.0 
47.286 ,27.23367 ,7 ,2007.0 ,8.0 ,13.0 ,253.0 
-3.95883 ,37.92367 ,11 ,2007.0 ,1.0 ,15.0 ,45.0 
57.74517 ,25.761 ,7 ,2007.0 ,7.0 ,29.0 ,239.0 
32.537 ,35.40533 ,11 ,2007.0 ,9.0 ,21.0 ,291.0 
33.40867 ,36.46483 ,11 ,2007.0 ,9.0 ,8.0 ,278.0 
32.54017 ,35.3995 ,11 ,2007.0 ,11.0 ,20.0 ,350.0 
8.68833 ,23.9905 ,10 ,2007.0 ,12.0 ,6.0 ,366.0 
11.00767 ,23.897 ,10 ,2007.0 ,10.0 ,15.0 ,315.0 
51.18317 ,26.85467 ,10 ,2007.0 ,8.0 ,24.0 ,264.0 
52.39983 ,25.45133 ,11 ,2007.0 ,4.0 ,7.0 ,127.0 
11.06967 ,35.37317 ,11 ,2007.0 ,3.0 ,7.0 ,97.0 
11.41717 ,23.38067 ,10 ,2007.0 ,9.0 ,28.0 ,298.0 
32.53717 ,35.40383 ,11 ,2007.0 ,10.0 ,16.0 ,316.0 
32.53367 ,35.40633 ,11 ,2007.0 ,9.0 ,22.0 ,292.0 
51.57167 ,26.61017 ,10 ,2007.0 ,8.0 ,24.0 ,264.0 
32.53883 ,35.4025 ,11 ,2007.0 ,10.0 ,12.0 ,312.0 
32.54 ,35.40267 ,11 ,2007.0 ,10.0 ,17.0 ,317.0 
32.54133 ,35.4 ,11 ,2007.0 ,11.0 ,21.0 ,351.0 
31.93967 ,35.524 ,11 ,2007.0 ,3.0 ,15.0 ,105.0 
20.47183 ,34.72383 ,11 ,2007.0 ,3.0 ,11.0 ,101.0 
39.87167 ,30.25133 ,10 ,2007.0 ,9.0 ,17.0 ,287.0 
16.04783 ,36.59317 ,11 ,2007.0 ,3.0 ,9.0 ,99.0 
32.5365 ,35.40433 ,11 ,2007.0 ,10.0 ,29.0 ,329.0 
17.73467 ,36.03017 ,11 ,2007.0 ,12.0 ,28.0 ,388.0 
42.28883 ,25.07783 ,11 ,2007.0 ,3.0 ,26.0 ,116.0 
48.27167 ,23.75933 ,11 ,2007.0 ,4.0 ,5.0 ,125.0 
54.92617 ,29.00767 ,17 ,2007.0 ,9.0 ,4.0 ,274.0 
44.48667 ,27.7145 ,17 ,2007.0 ,10.0 ,9.0 ,309.0 
49.07883 ,27.55117 ,17 ,2007.0 ,9.0 ,25.0 ,295.0 
37.38733 ,33.32033 ,17 ,2007.0 ,10.0 ,26.0 ,326.0 
49.712 ,27.93567 ,17 ,2007.0 ,9.0 ,21.0 ,291.0 
38.39317 ,32.171 ,17 ,2007.0 ,10.0 ,24.0 ,324.0 
55.28533 ,29.0885 ,17 ,2007.0 ,9.0 ,2.0 ,272.0 
55.271 ,29.11417 ,17 ,2007.0 ,9.0 ,4.0 ,274.0 
49.05983 ,27.58933 ,17 ,2007.0 ,9.0 ,22.0 ,292.0 
52.8665 ,27.01283 ,17 ,2007.0 ,9.0 ,6.0 ,276.0 
49.06933 ,27.5525 ,17 ,2007.0 ,9.0 ,26.0 ,296.0 
38.61217 ,31.11683 ,17 ,2007.0 ,10.0 ,20.0 ,320.0 
52.83317 ,27.11033 ,17 ,2007.0 ,9.0 ,6.0 ,276.0 
55.27117 ,29.11467 ,17 ,2007.0 ,9.0 ,3.0 ,273.0 
55.27117 ,29.11467 ,17 ,2007.0 ,9.0 ,3.0 ,273.0 
49.068 ,27.55133 ,17 ,2007.0 ,9.0 ,28.0 ,298.0 
49.06367 ,27.5605 ,17 ,2007.0 ,9.0 ,26.0 ,296.0 
49.08617 ,27.543 ,17 ,2007.0 ,9.0 ,29.0 ,299.0 
52.78917 ,20.73 ,21 ,2007.0 ,4.0 ,4.0 ,124.0 
45.2515 ,17.03633 ,21 ,2007.0 ,3.0 ,29.0 ,119.0 
50.64283 ,18.5295 ,21 ,2007.0 ,4.0 ,3.0 ,123.0 
11.39683 ,21.171 ,0 ,2007.0 ,9.0 ,2.0 ,272.0 
15.57733 ,21.85917 ,0 ,2007.0 ,3.0 ,13.0 ,103.0 
55.49683 ,26.46817 ,0 ,2007.0 ,4.0 ,1.0 ,121.0 
38.5855 ,28.03983 ,1 ,2007.0 ,8.0 ,29.0 ,269.0 
55.8555 ,26.74133 ,0 ,2007.0 ,4.0 ,1.0 ,121.0 
-0.39367 ,18.033 ,0 ,2007.0 ,9.0 ,10.0 ,280.0 
53.94 ,25.75983 ,0 ,2007.0 ,3.0 ,31.0 ,121.0 
42.513 ,26.41017 ,0 ,2007.0 ,8.0 ,23.0 ,263.0 
47.39333 ,27.40017 ,0 ,2007.0 ,3.0 ,27.0 ,117.0 
13.0485 ,22.39433 ,0 ,2007.0 ,3.0 ,12.0 ,102.0 
57.914 ,28.77083 ,1 ,2007.0 ,8.0 ,13.0 ,253.0 
38.58617 ,28.04067 ,1 ,2007.0 ,8.0 ,29.0 ,269.0 
57.73283 ,28.69267 ,1 ,2007.0 ,8.0 ,14.0 ,254.0 
-0.91167 ,17.45783 ,0 ,2007.0 ,3.0 ,7.0 ,97.0 
38.58883 ,28.05717 ,1 ,2007.0 ,8.0 ,28.0 ,268.0 
13.21883 ,21.25133 ,0 ,2007.0 ,8.0 ,31.0 ,271.0 
-0.92767 ,17.448 ,0 ,2007.0 ,9.0 ,11.0 ,281.0 
52.30883 ,27.31017 ,0 ,2007.0 ,8.0 ,12.0 ,252.0 
14.53067 ,33.8305 ,1 ,2007.0 ,9.0 ,19.0 ,289.0 
-1 ,-1 ,7 ,2007.0 ,7.0 ,28.0 ,238.0 
-1 ,-1 ,7 ,2007.0 ,7.0 ,28.0 ,238.0 
47.32667 ,27.19883 ,7 ,2007.0 ,9.0 ,12.0 ,282.0 
47.32183 ,27.284 ,7 ,2007.0 ,8.0 ,19.0 ,259.0 
51.63533 ,27.15983 ,7 ,2007.0 ,8.0 ,5.0 ,245.0 
47.30717 ,27.22867 ,7 ,2007.0 ,9.0 ,13.0 ,283.0 
47.30517 ,27.2175 ,7 ,2007.0 ,8.0 ,16.0 ,256.0 
47.28433 ,27.23117 ,7 ,2007.0 ,8.0 ,17.0 ,257.0 
57.26033 ,26.0335 ,7 ,2007.0 ,7.0 ,30.0 ,240.0 
-1 ,-1 ,7 ,2007.0 ,7.0 ,29.0 ,239.0 
53.453 ,26.555 ,10 ,2007.0 ,8.0 ,18.0 ,258.0 
28.97383 ,33.90583 ,7 ,2007.0 ,9.0 ,24.0 ,294.0 
47.309 ,27.34383 ,7 ,2007.0 ,8.0 ,19.0 ,259.0 
39.85 ,30.30733 ,10 ,2007.0 ,9.0 ,18.0 ,288.0 
54.78883 ,26.55783 ,7 ,2007.0 ,8.0 ,2.0 ,242.0 
52.6585 ,26.81017 ,11 ,2007.0 ,8.0 ,17.0 ,257.0 
32.53583 ,35.40783 ,11 ,2007.0 ,11.0 ,16.0 ,346.0 
-2.58433 ,37.9725 ,11 ,2007.0 ,1.0 ,15.0 ,45.0 
18.51967 ,28.41283 ,10 ,2007.0 ,9.0 ,25.0 ,295.0 
32.53967 ,35.40167 ,11 ,2007.0 ,10.0 ,24.0 ,324.0 
36.88967 ,34.6405 ,11 ,2007.0 ,9.0 ,7.0 ,277.0 
32.53817 ,35.40383 ,11 ,2007.0 ,9.0 ,21.0 ,291.0 
8.69167 ,23.97117 ,10 ,2007.0 ,12.0 ,5.0 ,365.0 
57.63783 ,22.2355 ,10 ,2007.0 ,8.0 ,15.0 ,255.0 
32.53567 ,35.40517 ,11 ,2007.0 ,10.0 ,14.0 ,314.0 
42.50617 ,27.28867 ,11 ,2007.0 ,8.0 ,30.0 ,270.0 
32.53933 ,35.40117 ,11 ,2007.0 ,10.0 ,28.0 ,328.0 
32.53883 ,35.4025 ,11 ,2007.0 ,10.0 ,11.0 ,311.0 
33.07717 ,35.59067 ,11 ,2007.0 ,9.0 ,13.0 ,283.0 
32.53917 ,35.40417 ,11 ,2007.0 ,9.0 ,20.0 ,290.0 
19.21783 ,35.10417 ,11 ,2007.0 ,12.0 ,27.0 ,387.0 
52.94283 ,25.2785 ,11 ,2007.0 ,4.0 ,9.0 ,129.0 
17.28583 ,26.5265 ,10 ,2007.0 ,9.0 ,26.0 ,296.0 
20.837 ,34.45967 ,11 ,2007.0 ,3.0 ,11.0 ,101.0 
41.15667 ,28.56 ,11 ,2007.0 ,9.0 ,4.0 ,274.0 
-2.44467 ,38.37733 ,11 ,2007.0 ,3.0 ,1.0 ,91.0 
4.118 ,37.0505 ,11 ,2007.0 ,3.0 ,4.0 ,94.0 
52.82017 ,27.1055 ,17 ,2007.0 ,9.0 ,6.0 ,276.0 
49.074 ,27.55583 ,17 ,2007.0 ,9.0 ,25.0 ,295.0 
38.62417 ,31.096 ,17 ,2007.0 ,10.0 ,22.0 ,322.0 
51.7285 ,27.44583 ,17 ,2007.0 ,9.0 ,14.0 ,284.0 
54.797 ,28.88733 ,17 ,2007.0 ,9.0 ,4.0 ,274.0 
49.81 ,27.91467 ,17 ,2007.0 ,9.0 ,17.0 ,287.0 
49.72383 ,27.93583 ,17 ,2007.0 ,9.0 ,19.0 ,289.0 
33.29017 ,35.7195 ,17 ,2007.0 ,10.0 ,30.0 ,330.0 
49.711 ,27.93967 ,17 ,2007.0 ,9.0 ,20.0 ,290.0 
52.819 ,27.1045 ,17 ,2007.0 ,9.0 ,7.0 ,277.0 
52.41833 ,26.99333 ,17 ,2007.0 ,9.0 ,8.0 ,278.0 
33.29033 ,35.7195 ,17 ,2007.0 ,10.0 ,29.0 ,329.0 
49.07033 ,27.55417 ,17 ,2007.0 ,9.0 ,26.0 ,296.0 
33.29033 ,35.7195 ,17 ,2007.0 ,10.0 ,29.0 ,329.0 
57.69017 ,24.868 ,21 ,2007.0 ,4.0 ,8.0 ,128.0 
48.91733 ,17.22767 ,21 ,2007.0 ,4.0 ,2.0 ,122.0 
52.31883 ,20.39467 ,21 ,2007.0 ,4.0 ,3.0 ,123.0 
57.28483 ,24.84967 ,21 ,2007.0 ,4.0 ,7.0 ,127.0 
47.10367 ,16.36617 ,21 ,2007.0 ,4.0 ,1.0 ,121.0 
1.7125 ,19.21417 ,0 ,2007.0 ,9.0 ,9.0 ,279.0 
0.162 ,17.8755 ,0 ,2007.0 ,3.0 ,7.0 ,97.0 
13.21917 ,21.252 ,0 ,2007.0 ,8.0 ,31.0 ,271.0 
41.88867 ,26.213 ,0 ,2007.0 ,8.0 ,23.0 ,263.0 
52.18367 ,27.34233 ,0 ,2007.0 ,8.0 ,7.0 ,247.0 
3.52017 ,20.2055 ,0 ,2007.0 ,9.0 ,6.0 ,276.0 
11.46217 ,21.163 ,0 ,2007.0 ,9.0 ,1.0 ,271.0 
18.6705 ,19.05317 ,0 ,2007.0 ,3.0 ,15.0 ,105.0 
36.52167 ,28.5245 ,1 ,2007.0 ,9.0 ,13.0 ,283.0 
40.86517 ,26.667 ,0 ,2007.0 ,8.0 ,24.0 ,264.0 
47.3935 ,27.40033 ,0 ,2007.0 ,3.0 ,28.0 ,118.0 
14.8285 ,33.7415 ,1 ,2007.0 ,9.0 ,18.0 ,288.0 
8.81433 ,20.77617 ,0 ,2007.0 ,9.0 ,3.0 ,273.0 
59.00933 ,28.17 ,1 ,2007.0 ,8.0 ,13.0 ,253.0 
13.1975 ,34.84567 ,1 ,2007.0 ,9.0 ,20.0 ,290.0 
56.00133 ,28.497 ,1 ,2007.0 ,8.0 ,14.0 ,254.0 
27.926 ,24.48633 ,0 ,2007.0 ,8.0 ,26.0 ,266.0 
10.7805 ,21.25533 ,0 ,2007.0 ,9.0 ,2.0 ,272.0 
38.58917 ,28.05683 ,1 ,2007.0 ,9.0 ,3.0 ,273.0 
38.58967 ,28.05683 ,1 ,2007.0 ,8.0 ,28.0 ,268.0 
24.23917 ,32.72983 ,1 ,2007.0 ,9.0 ,15.0 ,285.0 
-1 ,-1 ,1 ,2007.0 ,8.0 ,12.0 ,252.0 
47.284 ,27.2305 ,7 ,2007.0 ,8.0 ,24.0 ,264.0 
22.70967 ,33.10467 ,7 ,2007.0 ,9.0 ,26.0 ,296.0 
47.27067 ,27.26283 ,7 ,2007.0 ,8.0 ,11.0 ,251.0 
47.38817 ,27.27317 ,7 ,2007.0 ,9.0 ,4.0 ,274.0 
37.9875 ,32.41067 ,10 ,2007.0 ,9.0 ,19.0 ,289.0 
47.30667 ,27.21833 ,7 ,2007.0 ,8.0 ,7.0 ,247.0 
51.28 ,27.026 ,7 ,2007.0 ,8.0 ,5.0 ,245.0 
11.76967 ,23.07067 ,10 ,2007.0 ,9.0 ,28.0 ,298.0 
47.27767 ,27.30133 ,7 ,2007.0 ,8.0 ,17.0 ,257.0 
41.691 ,27.3725 ,7 ,2007.0 ,9.0 ,17.0 ,287.0 
43.73533 ,27.68583 ,7 ,2007.0 ,9.0 ,16.0 ,286.0 
47.30217 ,27.218 ,7 ,2007.0 ,8.0 ,7.0 ,247.0 
47.27067 ,27.26283 ,7 ,2007.0 ,8.0 ,29.0 ,269.0 
47.30633 ,27.212 ,7 ,2007.0 ,8.0 ,8.0 ,248.0 
-1 ,-1 ,7 ,2007.0 ,7.0 ,26.0 ,236.0 
47.31683 ,27.21567 ,7 ,2007.0 ,8.0 ,24.0 ,264.0 
52.27517 ,26.32983 ,10 ,2007.0 ,8.0 ,21.0 ,261.0 
47.28217 ,27.23133 ,7 ,2007.0 ,8.0 ,30.0 ,270.0 
19.62017 ,29.558 ,10 ,2007.0 ,9.0 ,25.0 ,295.0 
17.633 ,31.9315 ,7 ,2007.0 ,9.0 ,28.0 ,298.0 
44.67333 ,27.80283 ,10 ,2007.0 ,9.0 ,14.0 ,284.0 
-1 ,-1 ,10 ,2007.0 ,7.0 ,31.0 ,241.0 
44.717 ,27.8185 ,10 ,2007.0 ,9.0 ,14.0 ,284.0 
-2.44483 ,38.383 ,11 ,2007.0 ,3.0 ,2.0 ,92.0 
14.60717 ,23.61383 ,10 ,2007.0 ,9.0 ,27.0 ,297.0 
33.07833 ,35.594 ,11 ,2007.0 ,9.0 ,14.0 ,284.0 
19.98183 ,34.773 ,11 ,2007.0 ,12.0 ,27.0 ,387.0 
32.55617 ,35.35517 ,11 ,2007.0 ,10.0 ,8.0 ,308.0 
-2.4465 ,38.38267 ,11 ,2007.0 ,3.0 ,3.0 ,93.0 
27.77783 ,33.56933 ,10 ,2007.0 ,9.0 ,23.0 ,293.0 
47.96317 ,23.963 ,11 ,2007.0 ,4.0 ,5.0 ,125.0 
32.55 ,35.42367 ,11 ,2007.0 ,11.0 ,14.0 ,344.0 
28.677 ,33.854 ,10 ,2007.0 ,9.0 ,23.0 ,293.0 
32.54783 ,35.38717 ,11 ,2007.0 ,11.0 ,20.0 ,350.0 
-4.50217 ,38.437 ,11 ,2007.0 ,1.0 ,16.0 ,46.0 
-1 ,-1 ,11 ,2007.0 ,4.0 ,13.0 ,133.0 
14.74083 ,36.49583 ,11 ,2007.0 ,3.0 ,8.0 ,98.0 
13.35633 ,36.50583 ,11 ,2007.0 ,3.0 ,8.0 ,98.0 
32.53883 ,35.40233 ,11 ,2007.0 ,10.0 ,11.0 ,311.0 
32.53833 ,35.403 ,11 ,2007.0 ,9.0 ,22.0 ,292.0 
32.53833 ,35.40283 ,11 ,2007.0 ,9.0 ,23.0 ,293.0 
32.5365 ,35.40633 ,11 ,2007.0 ,3.0 ,19.0 ,109.0 
32.53717 ,35.40533 ,11 ,2007.0 ,9.0 ,18.0 ,288.0 
36.463 ,36.226 ,11 ,2007.0 ,9.0 ,7.0 ,277.0 
18.4595 ,35.43283 ,11 ,2007.0 ,12.0 ,28.0 ,388.0 
42.49617 ,27.29 ,11 ,2007.0 ,9.0 ,2.0 ,272.0 
8.02133 ,35.672 ,11 ,2007.0 ,3.0 ,6.0 ,96.0 
40.14933 ,30.60117 ,11 ,2007.0 ,9.0 ,5.0 ,275.0 
42.24967 ,25.072 ,11 ,2007.0 ,3.0 ,31.0 ,121.0 
32.53617 ,35.404 ,11 ,2007.0 ,11.0 ,7.0 ,337.0 
52.93617 ,25.61933 ,11 ,2007.0 ,4.0 ,7.0 ,127.0 
-2.447 ,38.383 ,11 ,2007.0 ,3.0 ,2.0 ,92.0 
52.1625 ,27.1425 ,17 ,2007.0 ,9.0 ,8.0 ,278.0 
55.392 ,28.78667 ,17 ,2007.0 ,8.0 ,31.0 ,271.0 
54.07567 ,28.21683 ,17 ,2007.0 ,9.0 ,5.0 ,275.0 
38.39033 ,32.19883 ,17 ,2007.0 ,10.0 ,25.0 ,325.0 
-1 ,-1 ,17 ,2007.0 ,8.0 ,26.0 ,266.0 
52.8535 ,27.01167 ,17 ,2007.0 ,9.0 ,5.0 ,275.0 
55.27183 ,29.09883 ,17 ,2007.0 ,9.0 ,2.0 ,272.0 
-1 ,-1 ,17 ,2007.0 ,8.0 ,26.0 ,266.0 
38.62867 ,31.1605 ,17 ,2007.0 ,10.0 ,23.0 ,323.0 
57.48283 ,28.172 ,17 ,2007.0 ,8.0 ,28.0 ,268.0 
47.23033 ,27.75933 ,17 ,2007.0 ,10.0 ,5.0 ,305.0 
45.40967 ,27.85233 ,17 ,2007.0 ,10.0 ,7.0 ,307.0 
54.936 ,23.46883 ,21 ,2007.0 ,4.0 ,6.0 ,126.0 
54.93617 ,23.46883 ,21 ,2007.0 ,4.0 ,6.0 ,126.0 
45.2405 ,17.1215 ,21 ,2007.0 ,3.0 ,24.0 ,114.0 
4.6045 ,19.01783 ,0 ,2007.0 ,3.0 ,9.0 ,99.0 
52.30767 ,27.30983 ,0 ,2007.0 ,8.0 ,7.0 ,247.0 
43.4005 ,26.44533 ,0 ,2007.0 ,8.0 ,23.0 ,263.0 
0.17667 ,17.87917 ,0 ,2007.0 ,3.0 ,8.0 ,98.0 
12.2495 ,21.35183 ,0 ,2007.0 ,9.0 ,1.0 ,271.0 
-1 ,-1 ,0 ,2007.0 ,8.0 ,3.0 ,243.0 
56.35933 ,28.55 ,1 ,2007.0 ,8.0 ,14.0 ,254.0 
-0.92883 ,17.4045 ,0 ,2007.0 ,9.0 ,11.0 ,281.0 
53.72833 ,25.608 ,0 ,2007.0 ,3.0 ,31.0 ,121.0 
-0.83417 ,17.53833 ,0 ,2007.0 ,3.0 ,7.0 ,97.0 
4.1705 ,20.15617 ,0 ,2007.0 ,9.0 ,6.0 ,276.0 
45.15 ,26.61783 ,0 ,2007.0 ,8.0 ,23.0 ,263.0 
-0.81667 ,17.54033 ,0 ,2007.0 ,9.0 ,11.0 ,281.0 
59.0855 ,27.805 ,0 ,2007.0 ,4.0 ,2.0 ,122.0 
39.21267 ,26.71867 ,0 ,2007.0 ,8.0 ,24.0 ,264.0 
58.68217 ,28.17683 ,0 ,2007.0 ,4.0 ,2.0 ,122.0 
41.57833 ,26.37833 ,0 ,2007.0 ,8.0 ,24.0 ,264.0 
27.87967 ,31.943 ,1 ,2007.0 ,9.0 ,14.0 ,284.0 
49.557 ,28.86833 ,1 ,2007.0 ,8.0 ,16.0 ,256.0 
14.47883 ,21.83367 ,0 ,2007.0 ,8.0 ,30.0 ,270.0 
15.381 ,22.004 ,0 ,2007.0 ,8.0 ,30.0 ,270.0 
52.72267 ,25.90567 ,0 ,2007.0 ,3.0 ,30.0 ,120.0 
14.26133 ,34.42617 ,1 ,2007.0 ,9.0 ,19.0 ,289.0 
7.58683 ,20.05533 ,0 ,2007.0 ,3.0 ,10.0 ,100.0 
14.6005 ,33.676 ,1 ,2007.0 ,9.0 ,19.0 ,289.0 
43.54167 ,27.665 ,1 ,2007.0 ,8.0 ,21.0 ,261.0 
34.209 ,36.34333 ,7 ,2007.0 ,9.0 ,22.0 ,292.0 
37.7995 ,32.76567 ,7 ,2007.0 ,9.0 ,20.0 ,290.0 
44.57667 ,27.75633 ,7 ,2007.0 ,9.0 ,16.0 ,286.0 
56.71417 ,26.4205 ,7 ,2007.0 ,8.0 ,2.0 ,242.0 
57.22733 ,26.06183 ,7 ,2007.0 ,7.0 ,31.0 ,241.0 
47.2975 ,27.21483 ,7 ,2007.0 ,8.0 ,11.0 ,251.0 
54.30267 ,26.51817 ,7 ,2007.0 ,8.0 ,3.0 ,243.0 
39.74983 ,31.2145 ,7 ,2007.0 ,9.0 ,18.0 ,288.0 
57.20867 ,26.04133 ,7 ,2007.0 ,7.0 ,31.0 ,241.0 
25.85617 ,33.173 ,7 ,2007.0 ,9.0 ,25.0 ,295.0 
54.70833 ,26.47383 ,7 ,2007.0 ,8.0 ,3.0 ,243.0 
47.271 ,27.26267 ,7 ,2007.0 ,8.0 ,14.0 ,254.0 
40.499 ,29.73667 ,10 ,2007.0 ,9.0 ,17.0 ,287.0 
32.53817 ,35.4035 ,11 ,2007.0 ,9.0 ,19.0 ,289.0 
9.70567 ,23.44917 ,10 ,2007.0 ,12.0 ,2.0 ,362.0 
47.31317 ,27.33683 ,7 ,2007.0 ,8.0 ,19.0 ,259.0 
14.65133 ,23.66167 ,10 ,2007.0 ,9.0 ,26.0 ,296.0 
8.64217 ,24.018 ,10 ,2007.0 ,12.0 ,6.0 ,366.0 
57.178 ,26.0865 ,7 ,2007.0 ,7.0 ,31.0 ,241.0 
22.46533 ,34.40067 ,11 ,2007.0 ,3.0 ,11.0 ,101.0 
-4.538 ,39.38283 ,11 ,2007.0 ,3.0 ,1.0 ,91.0 
32.52667 ,35.41733 ,11 ,2007.0 ,9.0 ,25.0 ,295.0 
0.55117 ,36.76517 ,11 ,2007.0 ,1.0 ,11.0 ,41.0 
8.68083 ,23.98117 ,10 ,2007.0 ,12.0 ,4.0 ,364.0 
32.53883 ,35.40217 ,11 ,2007.0 ,10.0 ,11.0 ,311.0 
4.52967 ,36.9345 ,11 ,2007.0 ,3.0 ,5.0 ,95.0 
32.53633 ,35.40417 ,11 ,2007.0 ,11.0 ,6.0 ,336.0 
11.76933 ,23.06883 ,10 ,2007.0 ,9.0 ,27.0 ,297.0 
32.54833 ,35.38767 ,11 ,2007.0 ,11.0 ,19.0 ,349.0 
37.9895 ,32.41 ,10 ,2007.0 ,9.0 ,19.0 ,289.0 
10.288 ,23.4225 ,10 ,2007.0 ,10.0 ,12.0 ,312.0 
7.2315 ,35.69183 ,11 ,2007.0 ,3.0 ,5.0 ,95.0 
4.52967 ,36.9345 ,11 ,2007.0 ,3.0 ,5.0 ,95.0 
-0.21583 ,38.443 ,11 ,2007.0 ,3.0 ,3.0 ,93.0 
40.817 ,29.78433 ,11 ,2007.0 ,9.0 ,5.0 ,275.0 
4.51267 ,37.22817 ,11 ,2007.0 ,1.0 ,10.0 ,40.0 
29.32067 ,34.6615 ,11 ,2007.0 ,3.0 ,14.0 ,104.0 
18.20083 ,35.4445 ,11 ,2007.0 ,12.0 ,28.0 ,388.0 
25.04017 ,34.386 ,11 ,2007.0 ,3.0 ,13.0 ,103.0 
32.55 ,35.42167 ,11 ,2007.0 ,11.0 ,13.0 ,343.0 
32.53533 ,35.4075 ,11 ,2007.0 ,11.0 ,15.0 ,345.0 
42.496 ,27.28983 ,11 ,2007.0 ,9.0 ,2.0 ,272.0 
24.41783 ,34.22033 ,11 ,2007.0 ,3.0 ,12.0 ,102.0 
32.53983 ,35.403 ,11 ,2007.0 ,10.0 ,10.0 ,310.0 
32.53933 ,35.4025 ,11 ,2007.0 ,10.0 ,14.0 ,314.0 
51.84767 ,27.03133 ,11 ,2007.0 ,8.0 ,17.0 ,257.0 
55.27117 ,29.11467 ,17 ,2007.0 ,9.0 ,3.0 ,273.0 
55.392 ,28.78667 ,17 ,2007.0 ,8.0 ,31.0 ,271.0 
52.8315 ,27.07133 ,17 ,2007.0 ,9.0 ,7.0 ,277.0 
57.0875 ,28.47217 ,17 ,2007.0 ,8.0 ,31.0 ,271.0 
52.16167 ,27.14583 ,17 ,2007.0 ,9.0 ,8.0 ,278.0 
49.74133 ,27.9365 ,17 ,2007.0 ,9.0 ,20.0 ,290.0 
49.80917 ,27.95783 ,17 ,2007.0 ,9.0 ,15.0 ,285.0 
-1 ,-1 ,17 ,2007.0 ,8.0 ,27.0 ,267.0 
52.83167 ,27.07133 ,17 ,2007.0 ,9.0 ,7.0 ,277.0 
49.80233 ,27.91067 ,17 ,2007.0 ,9.0 ,17.0 ,287.0 
54.60133 ,28.67733 ,17 ,2007.0 ,9.0 ,5.0 ,275.0 
57.46217 ,28.32067 ,17 ,2007.0 ,8.0 ,30.0 ,270.0 
35.59133 ,36.5675 ,17 ,2007.0 ,10.0 ,27.0 ,327.0 
38.57883 ,30.984 ,17 ,2007.0 ,10.0 ,16.0 ,316.0 
50.20867 ,18.3575 ,21 ,2007.0 ,2.0 ,22.0 ,82.0 
56.12067 ,24.499 ,21 ,2007.0 ,4.0 ,6.0 ,126.0 
47.1045 ,16.366 ,21 ,2007.0 ,4.0 ,1.0 ,121.0 
57.50617 ,25.04383 ,21 ,2007.0 ,4.0 ,8.0 ,128.0 
57.02067 ,24.87283 ,21 ,2007.0 ,4.0 ,7.0 ,127.0 
18.633 ,22.84783 ,0 ,2007.0 ,8.0 ,29.0 ,269.0 
-0.88183 ,17.45583 ,0 ,2007.0 ,9.0 ,11.0 ,281.0 
11.4075 ,21.16333 ,0 ,2007.0 ,9.0 ,2.0 ,272.0 
15.35567 ,21.9945 ,0 ,2007.0 ,3.0 ,13.0 ,103.0 
18.74633 ,19.81583 ,0 ,2007.0 ,3.0 ,15.0 ,105.0 
38.589 ,28.05717 ,1 ,2007.0 ,8.0 ,29.0 ,269.0 
12.68883 ,21.39083 ,0 ,2007.0 ,9.0 ,1.0 ,271.0 
38.5855 ,28.03967 ,1 ,2007.0 ,8.0 ,31.0 ,271.0 
20.98967 ,23.43833 ,0 ,2007.0 ,8.0 ,28.0 ,268.0 
19.65 ,17.87283 ,0 ,2007.0 ,3.0 ,15.0 ,105.0 
20.76167 ,18.28367 ,0 ,2007.0 ,3.0 ,16.0 ,106.0 
49.98983 ,28.7485 ,1 ,2007.0 ,8.0 ,16.0 ,256.0 
57.22 ,27.16233 ,0 ,2007.0 ,4.0 ,1.0 ,121.0 
46.75017 ,26.51167 ,0 ,2007.0 ,8.0 ,22.0 ,262.0 
26.037 ,24.1725 ,0 ,2007.0 ,8.0 ,26.0 ,266.0 
38.587 ,28.05417 ,1 ,2007.0 ,9.0 ,3.0 ,273.0 
13.87133 ,21.40883 ,0 ,2007.0 ,8.0 ,31.0 ,271.0 
46.299 ,26.57217 ,0 ,2007.0 ,8.0 ,22.0 ,262.0 
7.33 ,20.09417 ,0 ,2007.0 ,3.0 ,9.0 ,99.0 
47.28483 ,27.2305 ,7 ,2007.0 ,8.0 ,14.0 ,254.0 
33.14983 ,35.71033 ,7 ,2007.0 ,9.0 ,22.0 ,292.0 
57.2805 ,26.0125 ,7 ,2007.0 ,7.0 ,30.0 ,240.0 
47.30417 ,27.29067 ,7 ,2007.0 ,8.0 ,16.0 ,256.0 
51.63533 ,27.16167 ,7 ,2007.0 ,8.0 ,4.0 ,244.0 
57.17567 ,26.088 ,7 ,2007.0 ,7.0 ,31.0 ,241.0 
38.63167 ,31.47167 ,10 ,2007.0 ,9.0 ,18.0 ,288.0 
47.29283 ,27.228 ,7 ,2007.0 ,8.0 ,8.0 ,248.0 
47.27733 ,27.30167 ,7 ,2007.0 ,8.0 ,24.0 ,264.0 
30.68133 ,35.23433 ,7 ,2007.0 ,9.0 ,24.0 ,294.0 
52.8925 ,26.5135 ,10 ,2007.0 ,8.0 ,19.0 ,259.0 
32.533 ,35.40883 ,11 ,2007.0 ,11.0 ,1.0 ,331.0 
-2.248 ,37.67833 ,11 ,2007.0 ,1.0 ,13.0 ,43.0 
50.6535 ,26.81533 ,7 ,2007.0 ,8.0 ,5.0 ,245.0 
24.97817 ,32.99733 ,7 ,2007.0 ,9.0 ,26.0 ,296.0 
33.07483 ,35.59633 ,11 ,2007.0 ,9.0 ,10.0 ,280.0 
23.78967 ,32.55233 ,10 ,2007.0 ,9.0 ,24.0 ,294.0 
52.93117 ,25.26883 ,11 ,2007.0 ,4.0 ,10.0 ,130.0 
32.5475 ,35.38633 ,11 ,2007.0 ,11.0 ,21.0 ,351.0 
32.5365 ,35.40417 ,11 ,2007.0 ,10.0 ,28.0 ,328.0 
1.88083 ,36.6935 ,11 ,2007.0 ,1.0 ,11.0 ,41.0 
32.536 ,35.40383 ,11 ,2007.0 ,11.0 ,7.0 ,337.0 
8.67567 ,23.981 ,10 ,2007.0 ,12.0 ,5.0 ,365.0 
42.24967 ,25.072 ,11 ,2007.0 ,3.0 ,31.0 ,121.0 
32.53667 ,35.40433 ,11 ,2007.0 ,11.0 ,12.0 ,342.0 
15.87117 ,36.66817 ,11 ,2007.0 ,3.0 ,8.0 ,98.0 
-2.44617 ,38.383 ,11 ,2007.0 ,3.0 ,2.0 ,92.0 
31.927 ,35.5215 ,11 ,2007.0 ,3.0 ,16.0 ,106.0 
35.67183 ,36.52 ,11 ,2007.0 ,9.0 ,8.0 ,278.0 
32.53833 ,35.4035 ,11 ,2007.0 ,9.0 ,17.0 ,287.0 
32.55617 ,35.355 ,11 ,2007.0 ,10.0 ,8.0 ,308.0 
11.25317 ,23.54217 ,10 ,2007.0 ,10.0 ,16.0 ,316.0 
41.17083 ,28.56583 ,11 ,2007.0 ,9.0 ,5.0 ,275.0 
32.5565 ,35.36067 ,11 ,2007.0 ,10.0 ,8.0 ,308.0 
3.92967 ,37.26217 ,11 ,2007.0 ,1.0 ,10.0 ,40.0 
0.06767 ,38.3455 ,11 ,2007.0 ,3.0 ,4.0 ,94.0 
33.149 ,36.12267 ,11 ,2007.0 ,9.0 ,9.0 ,279.0 
32.53933 ,35.402 ,11 ,2007.0 ,10.0 ,16.0 ,316.0 
32.53717 ,35.40633 ,11 ,2007.0 ,10.0 ,1.0 ,301.0 
32.53733 ,35.40533 ,11 ,2007.0 ,9.0 ,27.0 ,297.0 
32.53683 ,35.40517 ,11 ,2007.0 ,9.0 ,27.0 ,297.0 
-1 ,-1 ,17 ,2007.0 ,8.0 ,26.0 ,266.0 
38.61217 ,31.117 ,17 ,2007.0 ,10.0 ,22.0 ,322.0 
49.05767 ,27.593 ,17 ,2007.0 ,9.0 ,23.0 ,293.0 
38.6125 ,31.1175 ,17 ,2007.0 ,10.0 ,18.0 ,318.0 
49.04417 ,27.54383 ,17 ,2007.0 ,9.0 ,29.0 ,299.0 
38.61717 ,31.09467 ,17 ,2007.0 ,10.0 ,19.0 ,319.0 
38.541 ,30.83567 ,17 ,2007.0 ,10.0 ,15.0 ,315.0 
49.80683 ,27.957 ,17 ,2007.0 ,9.0 ,18.0 ,288.0 
57.52367 ,28.12633 ,17 ,2007.0 ,8.0 ,28.0 ,268.0 
49.07367 ,27.5585 ,17 ,2007.0 ,9.0 ,25.0 ,295.0 
52.86483 ,27.00933 ,17 ,2007.0 ,9.0 ,5.0 ,275.0 
55.86533 ,24.07783 ,21 ,2007.0 ,4.0 ,6.0 ,126.0 
48.73 ,17.04233 ,21 ,2007.0 ,3.0 ,10.0 ,100.0 
45.229 ,17.06717 ,21 ,2007.0 ,3.0 ,24.0 ,114.0 
51.58383 ,19.36683 ,21 ,2007.0 ,4.0 ,3.0 ,123.0 
57.50567 ,25.04317 ,21 ,2007.0 ,4.0 ,8.0 ,128.0 
7.13683 ,19.98567 ,0 ,2007.0 ,9.0 ,5.0 ,275.0 
24.02967 ,18.5055 ,0 ,2007.0 ,3.0 ,17.0 ,107.0 
1.68733 ,19.21467 ,0 ,2007.0 ,9.0 ,9.0 ,279.0 
38.58533 ,27.97633 ,1 ,2007.0 ,9.0 ,10.0 ,280.0 
38.58567 ,28.0325 ,1 ,2007.0 ,9.0 ,9.0 ,279.0 
58.104 ,28.35917 ,0 ,2007.0 ,4.0 ,2.0 ,122.0 
28.6165 ,17.06083 ,0 ,2007.0 ,3.0 ,18.0 ,108.0 
43.54117 ,27.66633 ,1 ,2007.0 ,8.0 ,20.0 ,260.0 
17.18483 ,33.77467 ,1 ,2007.0 ,9.0 ,18.0 ,288.0 
44.3125 ,26.54267 ,0 ,2007.0 ,8.0 ,23.0 ,263.0 
41.2325 ,26.98667 ,1 ,2007.0 ,8.0 ,23.0 ,263.0 
14.6005 ,33.67583 ,1 ,2007.0 ,9.0 ,19.0 ,289.0 
15.588 ,21.91767 ,0 ,2007.0 ,8.0 ,30.0 ,270.0 
38.5855 ,28.03583 ,1 ,2007.0 ,9.0 ,8.0 ,278.0 
-1 ,-1 ,1 ,2007.0 ,8.0 ,13.0 ,253.0 
38.5855 ,28.03967 ,1 ,2007.0 ,8.0 ,31.0 ,271.0 
57.50133 ,25.90967 ,7 ,2007.0 ,7.0 ,29.0 ,239.0 
41.71717 ,27.37717 ,7 ,2007.0 ,9.0 ,16.0 ,286.0 
47.28317 ,27.2305 ,7 ,2007.0 ,8.0 ,14.0 ,254.0 
33.05467 ,35.7285 ,7 ,2007.0 ,9.0 ,23.0 ,293.0 
27.41967 ,33.44433 ,7 ,2007.0 ,9.0 ,25.0 ,295.0 
40.91267 ,29.32583 ,7 ,2007.0 ,9.0 ,18.0 ,288.0 
35.10617 ,36.44867 ,7 ,2007.0 ,9.0 ,22.0 ,292.0 
20.78167 ,32.56567 ,7 ,2007.0 ,9.0 ,27.0 ,297.0 
-1 ,-1 ,7 ,2007.0 ,7.0 ,28.0 ,238.0 
56.75483 ,26.2325 ,7 ,2007.0 ,8.0 ,1.0 ,241.0 
21.33083 ,30.83883 ,10 ,2007.0 ,9.0 ,24.0 ,294.0 
47.27133 ,27.26283 ,7 ,2007.0 ,9.0 ,5.0 ,275.0 
23.16233 ,34.50133 ,11 ,2007.0 ,12.0 ,26.0 ,386.0 
35.10633 ,36.44867 ,7 ,2007.0 ,9.0 ,22.0 ,292.0 
32.5275 ,35.39383 ,11 ,2007.0 ,9.0 ,12.0 ,282.0 
32.534 ,35.43033 ,11 ,2007.0 ,9.0 ,13.0 ,283.0 
32.53767 ,35.40517 ,11 ,2007.0 ,9.0 ,19.0 ,289.0 
47.308 ,27.22167 ,7 ,2007.0 ,8.0 ,31.0 ,271.0 
11.0015 ,23.89217 ,10 ,2007.0 ,10.0 ,15.0 ,315.0 
11.391 ,23.35017 ,10 ,2007.0 ,9.0 ,28.0 ,298.0 
57.18983 ,22.5125 ,10 ,2007.0 ,8.0 ,15.0 ,255.0 
47.332 ,27.23417 ,7 ,2007.0 ,9.0 ,10.0 ,280.0 
56.22333 ,26.54583 ,7 ,2007.0 ,8.0 ,2.0 ,242.0 
32.54217 ,35.40033 ,11 ,2007.0 ,11.0 ,19.0 ,349.0 
32.54883 ,35.3885 ,11 ,2007.0 ,11.0 ,18.0 ,348.0 
11.2765 ,23.4855 ,10 ,2007.0 ,10.0 ,16.0 ,316.0 
32.53933 ,35.40183 ,11 ,2007.0 ,10.0 ,18.0 ,318.0 
32.53767 ,35.40467 ,11 ,2007.0 ,9.0 ,18.0 ,288.0 
32.54817 ,35.3885 ,11 ,2007.0 ,11.0 ,22.0 ,352.0 
32.5365 ,35.40867 ,11 ,2007.0 ,11.0 ,15.0 ,345.0 
23.008 ,35.13317 ,11 ,2007.0 ,1.0 ,1.0 ,31.0 
55.02033 ,26.207 ,11 ,2007.0 ,4.0 ,12.0 ,132.0 
-3.47533 ,38.96517 ,11 ,2007.0 ,3.0 ,1.0 ,91.0 
-4.193 ,39.108 ,11 ,2007.0 ,3.0 ,1.0 ,91.0 
21.561 ,34.39817 ,11 ,2007.0 ,3.0 ,11.0 ,101.0 
32.5365 ,35.40383 ,11 ,2007.0 ,9.0 ,20.0 ,290.0 
32.53617 ,35.404 ,11 ,2007.0 ,11.0 ,7.0 ,337.0 
32.53317 ,35.40917 ,11 ,2007.0 ,11.0 ,14.0 ,344.0 
38.623 ,31.10317 ,17 ,2007.0 ,10.0 ,17.0 ,317.0 
57.19617 ,28.40533 ,17 ,2007.0 ,8.0 ,30.0 ,270.0 
37.7085 ,33.00617 ,17 ,2007.0 ,10.0 ,25.0 ,325.0 
49.72483 ,27.93533 ,17 ,2007.0 ,9.0 ,20.0 ,290.0 
57.46817 ,28.29867 ,17 ,2007.0 ,8.0 ,28.0 ,268.0 
52.16217 ,27.1445 ,17 ,2007.0 ,9.0 ,11.0 ,281.0 
49.0725 ,27.55917 ,17 ,2007.0 ,9.0 ,23.0 ,293.0 
49.0645 ,27.58017 ,17 ,2007.0 ,9.0 ,24.0 ,294.0 
50.45767 ,18.06917 ,21 ,2007.0 ,2.0 ,21.0 ,81.0 
52.31983 ,20.38067 ,21 ,2007.0 ,4.0 ,3.0 ,123.0 
45.23033 ,17.0685 ,21 ,2007.0 ,3.0 ,24.0 ,114.0 
49.3745 ,17.3825 ,21 ,2007.0 ,4.0 ,2.0 ,122.0 
46.867 ,16.1985 ,21 ,2007.0 ,3.0 ,31.0 ,121.0 
45.23017 ,17.07383 ,21 ,2007.0 ,3.0 ,23.0 ,113.0 
45.22967 ,17.06933 ,21 ,2007.0 ,3.0 ,14.0 ,104.0 
